City_ID,City,Country,Date,Lat,Lng,Max Temp,Humidity,Cloudiness,Wind Speed
0,Upernavik,GL,2022-01-30 20:50:34,72.7868,-56.1549,-2.63,70,100,9.42
1,Batagay,RU,2022-01-30 20:45:20,67.6333,134.6333,-35.27,99,50,1.77
2,Husavik,IS,2022-01-30 20:49:33,66.0449,-17.3389,22.91,63,47,30.13
3,Panjab,AF,2022-01-30 20:54:31,34.388,67.0233,13.5,99,97,0.81
4,Warri,NG,2022-01-30 20:54:31,5.5167,5.75,76.1,62,32,3.56
5,Hobart,AU,2022-01-30 20:48:39,-42.8794,147.3294,62.11,90,75,1.01
6,Tasiilaq,GL,2022-01-30 20:48:31,65.6145,-37.6368,8.76,45,95,17.18
7,Albany,US,2022-01-30 20:52:31,42.6001,-73.9662,21.81,37,13,1.99
8,Airai,TL,2022-01-30 20:49:47,-8.9266,125.4092,60.76,91,78,3.96
9,Busselton,AU,2022-01-30 20:49:57,-33.65,115.3333,63.09,65,87,17.78
10,Avarua,CK,2022-01-30 20:45:09,-21.2078,-159.775,73.45,88,75,5.75
11,Kapaa,US,2022-01-30 20:48:16,22.0752,-159.319,78.12,66,20,3.0
12,Aleksandrovsk-Sakhalinskiy,RU,2022-01-30 20:54:33,50.8975,142.1561,-5.73,98,94,1.72
13,Thompson,CA,2022-01-30 20:50:36,55.7435,-97.8558,6.96,72,20,2.3
14,Rikitea,PF,2022-01-30 20:48:35,-23.1203,-134.9692,76.33,69,100,4.56
15,Barrow,US,2022-01-30 20:48:46,71.2906,-156.7887,-9.38,70,100,8.05
16,Hilo,US,2022-01-30 20:51:43,19.7297,-155.09,78.53,54,20,5.75
17,Hermanus,ZA,2022-01-30 20:54:34,-34.4187,19.2345,69.8,85,100,13.65
18,Touros,BR,2022-01-30 20:51:30,-5.1989,-35.4608,85.1,74,21,12.84
19,Punta Arenas,CL,2022-01-30 20:48:47,-53.15,-70.9167,53.71,40,40,28.77
20,Arraial Do Cabo,BR,2022-01-30 20:48:20,-22.9661,-42.0278,82.36,74,40,4.61
21,Cabo San Lucas,MX,2022-01-30 20:46:20,22.8909,-109.9124,79.61,64,85,6.46
22,Eirunepe,BR,2022-01-30 20:54:35,-6.6603,-69.8736,88.95,50,98,4.9
23,Takoradi,GH,2022-01-30 20:54:35,4.8845,-1.7554,79.84,81,100,6.44
24,Jacqueville,CI,2022-01-30 20:54:36,5.2052,-4.4146,82.31,84,100,11.1
25,Victoria,HK,2022-01-30 20:42:57,22.2855,114.1577,59.32,76,82,3.0
26,Kajaani,FI,2022-01-30 20:54:36,64.2273,27.7285,19.45,86,100,10.36
27,Isangel,VU,2022-01-30 20:46:27,-19.55,169.2667,80.71,89,100,9.22
28,Izhmorskiy,RU,2022-01-30 20:54:37,56.194,86.6414,-3.46,98,41,4.47
29,Port Hardy,CA,2022-01-30 20:51:27,50.6996,-127.4199,41.76,93,100,6.91
30,Kidal,ML,2022-01-30 20:54:37,18.4411,1.4078,71.42,13,77,11.54
31,Qaanaaq,GL,2022-01-30 20:48:22,77.484,-69.3632,-7.91,67,100,6.64
32,Tuatapere,NZ,2022-01-30 20:48:17,-46.1333,167.6833,64.81,74,12,0.63
33,Manyana,BW,2022-01-30 20:54:38,-23.4,21.7167,68.54,79,64,11.63
34,Hamilton,US,2022-01-30 20:54:39,39.1834,-84.5333,40.98,56,27,3.0
35,Bandarbeyla,SO,2022-01-30 20:51:09,9.4942,50.8122,75.83,75,95,16.04
36,Nishihara,JP,2022-01-30 20:54:39,26.1842,127.7558,58.28,60,40,17.27
37,Norman Wells,CA,2022-01-30 20:51:17,65.282,-126.8329,-29.16,68,75,0.0
38,Uniontown,US,2022-01-30 20:54:40,39.9001,-79.7164,33.46,40,100,2.39
39,Jamestown,US,2022-01-30 20:45:31,42.097,-79.2353,20.95,41,100,6.91
40,Port Elizabeth,ZA,2022-01-30 20:53:06,-33.918,25.5701,74.1,88,20,14.97
41,Komsomolskiy,UZ,2022-01-30 20:51:22,40.4272,71.7189,31.42,86,75,2.3
42,Russell,US,2022-01-30 20:52:23,32.3502,-85.1999,62.11,27,0,10.36
43,Changji,CN,2022-01-30 20:54:41,44.0167,87.3167,0.39,85,75,2.24
44,College,US,2022-01-30 20:50:35,64.8569,-147.8028,-10.1,73,40,4.61
45,Grimshaw,CA,2022-01-30 20:45:13,56.1834,-117.6027,14.02,73,40,17.27
46,Saskylakh,RU,2022-01-30 20:51:10,71.9167,114.0833,-17.91,100,100,2.46
47,Lund,SE,2022-01-30 20:55:42,55.7058,13.1932,37.99,72,6,13.35
48,Iqaluit,CA,2022-01-30 20:53:35,63.7506,-68.5145,-13.27,77,40,4.61
49,Kangaatsiaq,GL,2022-01-30 20:55:42,68.3065,-53.4641,5.4,92,100,10.29
50,Carauari,BR,2022-01-30 20:55:42,-4.8828,-66.8958,83.62,71,96,3.74
51,Mildura,AU,2022-01-30 20:55:43,-34.2,142.15,67.96,64,0,2.3
52,Mataura,NZ,2022-01-30 20:52:53,-46.1927,168.8643,64.47,82,47,1.19
53,Hammerfest,NO,2022-01-30 20:55:43,70.6634,23.6821,28.85,69,20,6.91
54,Usinsk,RU,2022-01-30 20:49:53,65.9939,57.5281,7.61,96,100,8.99
55,Kudahuvadhoo,MV,2022-01-30 20:55:44,2.6708,72.8944,81.54,77,28,11.92
56,Znamenskoye,RU,2022-01-30 20:55:44,57.1281,73.8282,7.83,96,99,6.31
57,Okha,RU,2022-01-30 20:55:45,53.5739,142.9478,8.89,94,100,21.56
58,Ushuaia,AR,2022-01-30 20:49:33,-54.8,-68.3,47.86,61,75,28.77
59,Atuona,PF,2022-01-30 20:48:38,-9.8,-139.0333,78.01,77,9,13.47
60,Oeiras,BR,2022-01-30 20:55:45,-7.0253,-42.1311,82.92,58,85,2.84
61,Two Rivers,US,2022-01-30 20:55:46,44.1539,-87.5693,29.32,64,0,3.0
62,Cayhagan,PH,2022-01-30 20:55:46,9.6697,122.4256,77.09,80,7,2.68
63,Margate,GB,2022-01-30 20:49:00,51.3813,1.3862,44.31,78,100,5.01
64,Kargasok,RU,2022-01-30 20:46:30,59.0556,80.8572,7.88,94,100,8.75
65,Alice Springs,AU,2022-01-30 20:43:59,-23.7,133.8833,72.95,100,75,9.22
66,Saint-Philippe,RE,2022-01-30 20:55:47,-21.3585,55.7679,78.39,81,48,12.24
67,Panguna,PG,2022-01-30 20:55:48,-6.3164,155.4848,71.47,92,100,1.59
68,Ganzhou,CN,2022-01-30 20:55:48,28.8184,115.4327,38.91,83,100,4.03
69,De Aar,ZA,2022-01-30 20:55:48,-30.6497,24.0123,72.97,58,100,18.68
70,Bay Roberts,CA,2022-01-30 20:55:49,47.5999,-53.2648,44.33,81,100,8.99
71,Yenagoa,NG,2022-01-30 20:55:49,4.9247,6.2642,75.76,60,65,4.38
72,Cherskiy,RU,2022-01-30 20:50:05,68.75,161.3,-26.73,98,99,1.45
73,Cayenne,GF,2022-01-30 20:55:50,4.9333,-52.3333,78.84,89,75,1.99
74,New Norfolk,AU,2022-01-30 20:55:50,-42.7826,147.0587,58.66,76,5,1.97
75,Goderich,CA,2022-01-30 20:46:28,43.7501,-81.7165,22.91,63,88,6.91
76,Dikson,RU,2022-01-30 20:50:28,73.5069,80.5464,-2.78,93,100,20.98
77,Yar-Sale,RU,2022-01-30 20:47:06,66.8333,70.8333,-6.2,99,90,6.71
78,Dingle,PH,2022-01-30 20:49:33,10.9995,122.6711,74.5,93,82,3.42
79,Bredasdorp,ZA,2022-01-30 20:48:40,-34.5322,20.0403,70.92,78,99,8.05
80,Mitsamiouli,KM,2022-01-30 20:55:52,-11.3847,43.2844,80.67,74,3,3.58
81,Tura,IN,2022-01-30 20:55:52,25.5198,90.2201,52.2,59,3,3.36
82,Bikin,RU,2022-01-30 20:50:41,46.8161,134.26,-21.33,100,46,1.88
83,Butaritari,KI,2022-01-30 20:45:33,3.0707,172.7902,81.81,76,18,21.03
84,Katsuura,JP,2022-01-30 20:46:30,35.1333,140.3,39.31,53,100,11.01
85,Luderitz,NA,2022-01-30 20:52:14,-26.6481,15.1594,66.11,85,89,8.28
86,Lingao,CN,2022-01-30 20:55:53,19.9103,109.6859,64.98,92,100,14.5
87,Luena,AO,2022-01-30 20:55:54,-11.7833,19.9167,61.29,85,98,4.59
88,Clyde River,CA,2022-01-30 20:55:54,70.4692,-68.5914,-19.97,76,40,5.75
89,Svetlaya,RU,2022-01-30 20:55:54,46.5389,138.3297,-0.98,78,28,9.6
90,Souillac,MU,2022-01-30 20:53:32,-20.5167,57.5167,79.18,94,75,9.22
91,Ekibastuz,KZ,2022-01-30 20:55:55,51.6667,75.3667,11.12,87,44,12.97
92,Henderson,US,2022-01-30 20:52:12,36.0397,-114.9819,66.16,15,0,5.75
93,Kysyl-Syr,RU,2022-01-30 20:56:56,63.8986,122.7617,-26.18,100,100,3.15
94,Longyearbyen,SJ,2022-01-30 20:56:56,78.2186,15.6401,8.44,61,0,20.71
95,Vienne,AT,2022-01-30 20:53:23,48.2085,16.3721,44.42,55,75,5.99
96,Paamiut,GL,2022-01-30 20:56:57,61.994,-49.6678,12.45,74,100,6.06
97,Abong Mbang,CM,2022-01-30 20:56:57,3.9833,13.1833,69.84,29,100,0.65
98,Tuktoyaktuk,CA,2022-01-30 20:49:09,69.4541,-133.0374,-2.2,84,100,19.57
99,Ahipara,NZ,2022-01-30 20:56:58,-35.1667,173.1667,71.65,65,95,12.35
100,Hasaki,JP,2022-01-30 20:56:58,35.7333,140.8333,30.6,49,100,16.6
101,Namatanai,PG,2022-01-30 20:56:58,-3.6667,152.4333,79.79,80,100,3.44
102,Yellowknife,CA,2022-01-30 20:49:11,62.456,-114.3525,-7.58,95,100,6.91
103,Tubuala,PA,2022-01-30 20:56:59,9.5167,-79.0333,90.34,63,13,12.95
104,Santa Barbara,US,2022-01-30 20:53:21,34.7333,-120.0343,66.83,32,0,13.8
105,Mar Del Plata,AR,2022-01-30 20:50:31,-38.0023,-57.5575,69.82,92,75,21.0
106,Lorengau,PG,2022-01-30 20:57:00,-2.0226,147.2712,78.3,87,100,12.01
107,Plainview,US,2022-01-30 20:57:00,40.7765,-73.4673,27.46,50,19,3.0
108,Aldan,RU,2022-01-30 20:51:45,58.6031,125.3894,-13.52,99,100,3.38
109,Vaini,TO,2022-01-30 20:48:35,-21.2,-175.2,79.81,78,100,12.06
110,San Cristobal,VE,2022-01-30 20:50:35,7.7669,-72.225,71.78,57,95,4.81
111,Kaitangata,NZ,2022-01-30 20:49:36,-46.2817,169.8464,67.93,80,17,2.26
112,Tacoronte,ES,2022-01-30 20:57:01,28.4769,-16.4102,58.14,70,20,1.01
113,Kodiak,US,2022-01-30 20:57:02,57.79,-152.4072,26.11,68,40,14.97
114,Cape Town,ZA,2022-01-30 20:47:37,-33.9258,18.4232,68.11,77,0,8.01
115,Kovur,IN,2022-01-30 20:57:02,14.4833,79.9833,70.32,92,6,5.01
116,Mount Gambier,AU,2022-01-30 20:49:53,-37.8333,140.7667,62.51,94,100,6.91
117,Gasa,PS,2022-01-30 20:57:03,31.5,34.4667,49.98,68,0,7.52
118,San Patricio,US,2022-01-30 20:53:57,28.017,-97.5169,72.32,50,28,11.65
119,La Ronge,CA,2022-01-30 20:54:27,55.1001,-105.2842,12.42,79,100,9.22
120,Puerto Ayora,EC,2022-01-30 20:49:58,-0.7393,-90.3518,82.36,73,100,8.84
121,Bourail,NC,2022-01-30 20:57:04,-21.5667,165.4833,78.96,82,100,6.13
122,Bozoum,CF,2022-01-30 20:57:04,6.3193,16.3799,70.79,21,100,3.83
123,Morganton,US,2022-01-30 20:57:04,35.7454,-81.6848,49.91,33,0,4.0
124,Havoysund,NO,2022-01-30 20:49:00,70.9963,24.6622,32.23,62,92,14.16
125,Kuvandyk,RU,2022-01-30 20:57:05,51.4781,57.3552,27.0,94,100,13.85
126,Canico,PT,2022-01-30 20:49:12,32.6333,-16.85,65.12,87,40,1.99
127,Soyo,AO,2022-01-30 20:49:46,-6.1349,12.3689,79.2,86,100,5.44
128,Pyapon,MM,2022-01-30 20:47:44,16.2833,95.6833,62.44,82,63,6.49
129,Bluff,NZ,2022-01-30 20:47:04,-46.6,168.3333,64.8,87,96,4.9
130,Severo-Kurilsk,RU,2022-01-30 20:53:33,50.6789,156.125,27.55,94,100,12.75
131,Tiksi,RU,2022-01-30 20:57:06,71.6872,128.8694,-18.0,100,95,4.45
132,Saint George,US,2022-01-30 20:50:06,37.1041,-113.5841,63.07,18,0,1.99
133,Natal,BR,2022-01-30 20:43:54,-5.795,-35.2094,84.85,74,40,17.27
134,Mahebourg,MU,2022-01-30 20:50:40,-20.4081,57.7,79.09,94,75,9.22
135,Morgan City,US,2022-01-30 20:57:07,29.6994,-91.2068,66.99,49,0,11.25
136,Nkhotakota,MW,2022-01-30 20:57:07,-12.9274,34.2961,72.91,83,29,3.2
137,Ribeira Grande,PT,2022-01-30 20:48:37,38.5167,-28.7,59.4,63,40,20.71
138,Alyangula,AU,2022-01-30 20:51:00,-13.8483,136.4192,80.47,89,75,9.22
139,Northam,GB,2022-01-30 20:58:08,51.0333,-4.2167,50.4,93,84,26.87
140,Petropavlovsk-Kamchatskiy,RU,2022-01-30 20:58:09,53.0452,158.6483,12.79,85,75,4.47
141,Grand Gaube,MU,2022-01-30 20:53:34,-20.0064,57.6608,79.2,81,100,5.99
142,Solnechnyy,RU,2022-01-30 20:58:09,50.7214,136.6319,-11.15,98,87,3.15
143,Umea,SE,2022-01-30 20:57:39,63.8284,20.2597,15.91,92,0,4.61
144,Dafeng,CN,2022-01-30 20:58:10,23.4517,108.5881,45.66,90,100,6.58
145,Chokurdakh,RU,2022-01-30 20:49:33,70.6333,147.9167,-30.15,92,17,2.53
146,Aksu,CN,2022-01-30 20:58:11,41.1231,80.2644,22.37,54,4,1.41
147,Batagay-Alyta,RU,2022-01-30 20:54:39,67.8006,130.4114,-21.55,95,75,2.35
148,Tecoanapa,MX,2022-01-30 20:58:11,16.5167,-98.75,83.98,62,3,10.96
149,Khatanga,RU,2022-01-30 20:48:43,71.9667,102.5,-6.81,98,99,9.93
150,Ocos,GT,2022-01-30 20:52:58,14.5094,-92.1933,93.7,62,6,10.36
151,Nagua,DO,2022-01-30 20:58:12,19.3832,-69.8474,86.31,65,40,6.91
152,Cidreira,BR,2022-01-30 20:58:12,-30.1811,-50.2056,74.97,68,7,17.45
153,Zenzeli,RU,2022-01-30 20:58:13,45.9241,47.0474,32.25,76,10,4.94
154,Broken Hill,AU,2022-01-30 20:45:54,-31.95,141.4333,76.71,69,100,11.5
155,Darhan,MN,2022-01-30 20:58:13,49.4867,105.9228,-15.84,99,44,3.74
156,Laguna,US,2022-01-30 20:48:02,38.421,-121.4238,63.95,60,0,1.99
157,Beringovskiy,RU,2022-01-30 20:53:16,63.05,179.3167,-9.47,100,100,8.95
158,Hirara,JP,2022-01-30 20:54:07,24.8,125.2833,62.04,62,14,27.94
159,East London,ZA,2022-01-30 20:52:37,-33.0153,27.9116,74.34,85,77,14.32
160,Goianesia,BR,2022-01-30 20:58:14,-15.3175,-49.1175,71.24,95,100,3.11
161,Olinda,BR,2022-01-30 20:58:14,-8.0089,-34.8553,83.93,70,40,9.22
162,Talara,PE,2022-01-30 20:58:15,-4.5772,-81.2719,81.36,57,0,11.5
163,Samarai,PG,2022-01-30 20:45:53,-10.6167,150.6667,81.03,77,100,8.88
164,Dolores,AR,2022-01-30 20:53:45,-36.3132,-57.6792,82.99,49,49,8.7
165,Puerto Colombia,CO,2022-01-30 20:51:42,10.9878,-74.9547,86.09,71,4,19.6
166,Prescott,US,2022-01-30 20:55:22,34.54,-112.4685,58.89,31,13,3.0
167,Oktyabrskiy,RU,2022-01-30 20:58:16,54.4815,53.471,20.48,98,98,4.21
168,Katherine,AU,2022-01-30 20:58:16,-14.4667,132.2667,79.12,78,71,12.66
169,Buncrana,IE,2022-01-30 20:58:17,55.1333,-7.45,44.37,79,66,27.29
170,Adrar,MR,2022-01-30 20:53:43,20.5022,-10.0711,77.56,12,100,10.16
171,Staraya Kulatka,RU,2022-01-30 20:58:17,52.7167,47.6167,24.13,96,98,6.04
172,Araouane,ML,2022-01-30 20:50:49,18.9048,-3.5265,74.48,14,44,11.16
173,Camacari,BR,2022-01-30 20:58:18,-12.6975,-38.3242,83.97,75,51,8.7
174,Bengkulu,ID,2022-01-30 20:49:56,-3.8004,102.2655,75.97,89,100,3.27
175,Amahai,ID,2022-01-30 20:50:45,-3.3333,128.9167,78.6,82,100,9.22
176,Catamarca,AR,2022-01-30 20:58:18,-28.4696,-65.7852,92.77,41,11,4.0
177,Robertsport,LR,2022-01-30 20:58:19,6.7533,-11.3686,80.44,86,4,10.51
178,Portsmouth,GB,2022-01-30 20:58:19,50.799,-1.0913,47.5,90,100,10.0
179,Vestmannaeyjar,IS,2022-01-30 20:49:50,63.4427,-20.2734,31.55,62,100,39.03
180,Olafsvik,IS,2022-01-30 20:50:53,64.8945,-23.7142,27.79,55,100,35.54
181,Fortuna,US,2022-01-30 20:58:20,40.5982,-124.1573,58.93,70,0,1.99
182,Chuy,UY,2022-01-30 20:53:04,-33.6971,-53.4616,76.44,63,26,13.98
183,Kloulklubed,PW,2022-01-30 20:58:21,7.0419,134.2556,75.7,71,96,12.8
184,Saint-Pierre,RE,2022-01-30 20:48:59,-21.3393,55.4781,78.48,73,10,10.36
185,Xai-Xai,MZ,2022-01-30 20:59:21,-25.0519,33.6442,75.52,80,85,7.52
186,Berbera,SO,2022-01-30 20:59:22,10.4396,45.0143,74.08,66,32,7.94
187,Cam Ranh,VN,2022-01-30 20:59:22,11.9214,109.1591,71.56,88,20,2.3
188,Bonthe,SL,2022-01-30 20:59:22,7.5264,-12.505,79.05,82,6,9.48
189,Noumea,NC,2022-01-30 20:54:18,-22.2763,166.4572,81.0,99,100,8.93
190,Georgetown,MY,2022-01-30 20:50:09,5.4112,100.3354,81.9,91,20,0.0
191,Coquimbo,CL,2022-01-30 20:55:18,-29.9533,-71.3436,69.53,68,0,11.5
192,Chumikan,RU,2022-01-30 20:58:15,54.7183,135.315,-2.36,82,100,18.25
193,Yulara,AU,2022-01-30 20:58:45,-25.2406,130.9889,73.24,94,75,14.97
194,Nikolskoye,RU,2022-01-30 20:59:24,59.7035,30.7861,27.39,95,100,6.73
195,Constitucion,CL,2022-01-30 20:50:37,-35.3333,-72.4167,67.8,65,7,20.07
196,Pangnirtung,CA,2022-01-30 20:51:17,66.1451,-65.7125,-18.4,63,20,3.44
197,Bulgan,MN,2022-01-30 20:59:24,48.8125,103.5347,-9.53,89,4,3.94
198,Lebu,CL,2022-01-30 20:56:38,-37.6167,-73.65,61.3,64,0,19.46
199,Falavarjan,IR,2022-01-30 20:59:25,32.5553,51.5097,31.68,32,4,6.53
200,Khani,GE,2022-01-30 20:59:25,41.9563,42.9566,33.37,82,100,7.58
201,Miri,MY,2022-01-30 20:59:26,4.4148,114.0089,75.34,100,40,3.44
202,Muyuka,CM,2022-01-30 20:59:26,4.2898,9.4103,76.6,75,82,2.37
203,Faanui,PF,2022-01-30 20:50:34,-16.4833,-151.75,80.2,73,11,7.52
204,Ilulissat,GL,2022-01-30 20:49:30,69.2167,-51.1,6.82,72,75,20.71
205,Maua,BR,2022-01-30 20:59:27,-23.6678,-46.4614,71.06,92,100,4.74
206,Namibe,AO,2022-01-30 20:58:06,-15.1961,12.1522,73.36,71,100,6.08
207,Rodos,GR,2022-01-30 20:59:27,36.4408,28.2225,54.79,76,40,3.0
208,Bubaque,GW,2022-01-30 20:59:28,11.2833,-15.8333,78.13,70,42,13.42
209,Ponta Do Sol,PT,2022-01-30 20:49:34,32.6667,-17.1,65.12,42,1,9.15
210,Belaya Gora,RU,2022-01-30 20:59:28,68.5333,146.4167,-31.99,100,82,1.66
211,Baruun-Urt,MN,2022-01-30 20:52:02,46.6806,113.2792,-6.65,95,92,4.97
212,Yeniseysk,RU,2022-01-30 20:59:29,58.4497,92.1703,-1.03,99,100,2.84
213,Aswan,EG,2022-01-30 20:59:29,24.0934,32.907,56.5,35,0,4.61
214,Kavaratti,IN,2022-01-30 20:59:29,10.5669,72.642,81.28,73,15,8.79
215,Carnarvon,AU,2022-01-30 20:52:34,-24.8667,113.6333,78.87,78,75,18.41
216,Sur,OM,2022-01-30 20:59:30,22.5667,59.5289,71.47,65,0,2.84
217,Pasni,PK,2022-01-30 20:59:31,25.2631,63.471,71.17,76,0,12.15
218,Kargat,RU,2022-01-30 20:59:31,55.1956,80.2811,9.59,97,82,8.52
219,Narsaq,GL,2022-01-30 20:52:38,60.9167,-46.05,16.59,67,100,12.91
220,Talin,EE,2022-01-30 20:59:32,59.437,24.7535,28.51,83,100,12.66
221,Sitka,US,2022-01-30 20:59:32,57.0531,-135.33,36.18,95,99,2.08
222,Nuuk,GL,2022-01-30 20:59:32,64.1835,-51.7216,3.87,81,100,11.18
223,Tateyama,JP,2022-01-30 20:59:33,34.9833,139.8667,39.22,51,100,17.27
224,Hugo,US,2022-01-30 20:56:02,45.16,-92.9933,24.42,66,100,1.01
225,Redwater,US,2022-01-30 20:59:33,33.3582,-94.2544,70.43,25,2,8.39
226,Palombara Sabina,IT,2022-01-30 20:59:34,42.0667,12.768,46.29,81,1,3.87
227,Roebourne,AU,2022-01-30 20:59:34,-20.7833,117.1333,84.7,56,64,17.63
228,Hami,CN,2022-01-30 20:52:13,42.8,93.45,23.63,41,100,1.3
229,Tocopilla,CL,2022-01-30 20:59:34,-22.092,-70.1979,69.66,65,1,5.64
230,Gat,IL,2022-01-30 20:49:59,31.61,34.7642,51.4,100,0,4.65
231,Bethel,US,2022-01-30 21:00:35,41.3712,-73.414,25.81,47,25,1.01
232,Ribeira Brava,PT,2022-01-30 21:00:35,32.65,-17.0667,65.12,42,1,9.89
233,Vardo,NO,2022-01-30 20:52:30,70.3705,31.1107,28.15,86,75,9.22
234,Fort Smith,US,2022-01-30 21:00:36,35.3859,-94.3986,64.89,23,0,4.61
235,Manacapuru,BR,2022-01-30 21:00:36,-3.2997,-60.6206,81.18,78,89,4.88
236,Mayo,US,2022-01-30 20:57:58,38.8876,-76.5119,33.37,43,40,1.01
237,Pangkalanbuun,ID,2022-01-30 21:00:37,-2.6833,111.6167,74.79,90,100,2.62
238,Rio Grande,BR,2022-01-30 21:00:37,-32.035,-52.0986,79.95,67,27,19.55
239,Ostrovnoy,RU,2022-01-30 20:51:37,68.0531,39.5131,12.61,93,99,8.19
240,Salinopolis,BR,2022-01-30 21:00:38,-0.6136,-47.3561,77.7,87,100,11.1
241,Saint-Augustin,CA,2022-01-30 21:00:38,51.226,-58.6502,27.3,92,99,29.19
242,Marsh Harbour,BS,2022-01-30 20:57:16,26.5412,-77.0636,63.1,58,100,12.33
243,Lata,PT,2022-01-30 20:52:03,40.1629,-8.3327,50.41,50,99,2.89
244,Warrington,GB,2022-01-30 21:00:39,53.3925,-2.5802,47.86,83,100,11.99
245,Port Alfred,ZA,2022-01-30 21:00:40,-33.5906,26.891,74.1,88,96,18.9
246,Wanaka,NZ,2022-01-30 21:00:40,-44.7,169.15,64.11,70,5,1.99
247,Sahbuz,AZ,2022-01-30 21:00:41,39.4072,45.5739,22.6,89,75,4.63
248,Kahului,US,2022-01-30 21:00:41,20.8947,-156.47,79.86,66,4,18.01
249,Fenoarivo,MG,2022-01-30 21:00:41,-18.933,47.4354,66.27,82,20,9.22
250,Roma,US,2022-01-30 21:00:42,43.2128,-75.4557,21.88,40,20,6.91
251,Camapua,BR,2022-01-30 21:00:42,-19.5314,-54.0439,75.83,88,80,9.73
252,Lindi,TZ,2022-01-30 21:00:43,-10.0,39.7167,73.06,94,42,1.86
253,Pevek,RU,2022-01-30 20:53:33,69.7008,170.3133,-12.42,95,100,2.48
254,Linxia,CN,2022-01-30 21:00:43,35.6003,103.2064,7.14,87,39,3.71
255,Rawson,AR,2022-01-30 21:00:43,-43.3002,-65.1023,57.4,50,75,18.68
256,Puerto Escondido,MX,2022-01-30 21:00:44,15.85,-97.0667,83.43,58,0,6.15
257,Riyadh,SA,2022-01-30 20:59:42,24.6877,46.7219,59.14,42,0,11.86
258,Byron Bay,AU,2022-01-30 20:51:26,-28.65,153.6167,75.15,89,88,8.23
259,Camocim,BR,2022-01-30 20:59:05,-2.9022,-40.8411,78.73,72,98,13.33
260,Caborca,MX,2022-01-30 21:00:45,30.5838,-111.101,65.82,18,0,10.18
261,Yuyao,CN,2022-01-30 21:00:45,30.05,121.1494,36.81,85,5,1.83
262,Salamanca,ES,2022-01-30 21:00:46,40.8333,-6.0,34.0,48,13,0.85
263,Pryazha,RU,2022-01-30 21:00:46,61.6926,33.6216,19.9,95,100,7.25
264,Leningradskiy,RU,2022-01-30 21:00:46,69.3833,178.4167,-12.53,94,98,2.95
265,North Bend,US,2022-01-30 20:51:58,43.4065,-124.2243,55.17,87,40,13.8
266,Luganville,VU,2022-01-30 21:00:47,-15.5333,167.1667,77.76,89,100,5.37
267,Gbarnga,LR,2022-01-30 21:00:47,6.9956,-9.4722,75.24,29,99,1.43
268,Santa Isabel Do Rio Negro,BR,2022-01-30 21:00:48,-0.4139,-65.0192,82.17,77,99,3.11
269,Banjar,ID,2022-01-30 21:00:48,-8.19,114.9675,76.91,91,100,3.02
270,Jesus Del Monte,MX,2022-01-30 21:00:49,19.1081,-99.9944,64.33,46,66,7.54
271,Provideniya,RU,2022-01-30 20:51:48,64.3833,-173.3,10.51,72,0,17.9
272,Okhotsk,RU,2022-01-30 20:51:00,59.3833,143.3,14.16,73,100,18.72
273,Rio Bueno,CL,2022-01-30 21:00:49,-40.3167,-72.9667,67.1,29,21,8.9
274,Kaeo,NZ,2022-01-30 20:56:47,-35.1,173.7833,71.33,76,100,14.36
275,Sorong,ID,2022-01-30 20:54:16,-0.8833,131.25,81.1,77,100,10.49
276,Lyubinskiy,RU,2022-01-30 21:00:50,55.1542,72.6925,4.68,96,100,8.34
277,Benjamin Hill,MX,2022-01-30 21:00:50,30.1667,-111.1,66.18,17,0,11.54
278,Bara,NG,2022-01-30 21:00:51,10.3744,10.7288,70.9,18,100,12.8
279,Fort-Shevchenko,KZ,2022-01-30 21:01:51,44.5086,50.263,36.7,88,89,10.4
280,Bodden Town,KY,2022-01-30 21:01:52,19.2833,-81.25,71.01,55,71,7.0
281,Semnan,IR,2022-01-30 21:01:52,35.5729,53.3971,34.7,44,0,1.86
282,Fairbanks,US,2022-01-30 21:00:00,64.8378,-147.7164,-9.76,76,84,0.78
283,Axim,GH,2022-01-30 21:01:53,4.8699,-2.2405,79.39,85,98,6.31
284,Abu Samrah,SY,2022-01-30 21:01:53,35.3029,37.1841,43.86,71,93,3.98
285,Plettenberg Bay,ZA,2022-01-30 21:01:54,-34.0527,23.3716,69.49,94,84,2.84
286,Los Algarrobos,PA,2022-01-30 21:01:54,8.5,-82.4333,85.44,50,24,6.55
287,Santa Maria,BR,2022-01-30 21:01:54,-29.6842,-53.8069,83.71,47,42,8.86
288,Magsaysay,PH,2022-01-30 21:01:55,6.7667,125.1833,72.57,91,61,0.4
289,Naron,ES,2022-01-30 21:01:55,43.5167,-8.1528,50.02,79,0,5.21
290,Chany,RU,2022-01-30 21:01:55,55.3121,76.7647,10.33,98,86,7.34
291,Totness,SR,2022-01-30 21:01:56,5.8833,-56.3167,78.91,79,56,11.88
292,Ujjain,IN,2022-01-30 21:01:49,23.1833,75.7667,57.33,33,0,6.4
293,Barcelona,ES,2022-01-30 21:01:47,41.3888,2.159,58.53,41,0,1.01
294,Sabang,ID,2022-01-30 21:01:57,5.8933,95.3214,81.5,74,81,6.89
295,Tucupita,VE,2022-01-30 21:00:33,9.0622,-62.051,80.15,68,91,3.56
296,Houston,US,2022-01-30 21:01:30,29.7633,-95.3633,71.74,37,20,1.01
297,Vostok,RU,2022-01-30 20:53:22,46.4856,135.8833,-22.16,99,68,3.42
298,Yakeshi,CN,2022-01-30 21:01:58,49.2833,120.7333,-29.54,100,93,1.68
299,Camacha,PT,2022-01-30 20:53:42,33.0833,-16.3333,61.56,88,40,14.97
300,Pinotepa Nacional,MX,2022-01-30 21:01:58,16.3167,-98.0167,87.24,46,6,9.82
301,Mungwi,ZM,2022-01-30 21:01:59,-10.1732,31.3694,61.5,96,100,0.78
302,Decatur,US,2022-01-30 21:01:31,39.8403,-88.9548,32.77,55,20,11.83
303,Lumeje,AO,2022-01-30 21:01:59,-11.55,20.7833,66.29,82,100,5.32
304,Kokkola,FI,2022-01-30 21:01:59,63.8385,23.1307,19.56,92,75,1.99
305,Umm Lajj,SA,2022-01-30 20:50:42,25.0213,37.2685,65.14,59,89,8.97
306,Atambua,ID,2022-01-30 21:02:00,-9.1061,124.8925,74.19,89,91,7.36
307,Qandala,SO,2022-01-30 21:02:00,11.472,49.8728,74.77,76,100,5.19
308,Hithadhoo,MV,2022-01-30 21:02:01,-0.6,73.0833,81.61,70,81,9.04
309,Cumana,VE,2022-01-30 21:02:01,10.4635,-64.1775,69.89,78,78,11.79
310,Sehithwa,BW,2022-01-30 21:02:02,-20.4667,22.7167,69.67,88,80,7.92
311,Grafton,US,2022-01-30 20:59:39,42.207,-71.6856,22.78,42,21,3.0
312,Seoul,KR,2022-01-30 21:02:02,37.5683,126.9778,20.64,36,0,1.3
313,Castro,BR,2022-01-30 20:53:14,-24.7911,-50.0119,64.9,96,97,6.51
314,Mayumba,GA,2022-01-30 20:58:17,-3.432,10.6554,77.76,87,98,2.35
315,Biak,ID,2022-01-30 21:02:03,-0.9131,122.8766,75.88,82,98,5.86
316,Nakhon Thai,TH,2022-01-30 21:02:03,17.1006,100.8374,68.88,55,70,2.06
317,Novobelokatay,RU,2022-01-30 21:02:04,55.7062,58.9549,10.4,97,90,3.06
318,Altay,CN,2022-01-30 21:02:04,47.8667,88.1167,3.67,54,25,7.4
319,Avera,US,2022-01-30 21:02:04,33.194,-82.5271,60.39,43,0,16.22
320,Denpasar,ID,2022-01-30 20:58:31,-8.65,115.2167,76.71,94,75,21.85
321,Tak,TH,2022-01-30 21:01:19,16.5833,98.8333,53.96,68,13,2.59
322,San Quintin,MX,2022-01-30 21:02:05,30.4833,-115.95,64.11,48,0,8.05
323,Talnakh,RU,2022-01-30 21:02:06,69.4865,88.3972,-13.88,96,83,8.9
324,Dakar,SN,2022-01-30 21:02:06,14.6937,-17.4441,70.68,80,100,23.47
325,Sandovo,RU,2022-01-30 21:02:06,58.4602,36.4128,21.63,94,100,9.44
326,Taoudenni,ML,2022-01-30 21:03:07,22.6783,-3.9836,74.57,14,87,14.7
327,Imbituba,BR,2022-01-30 21:02:14,-28.24,-48.6703,74.16,63,50,5.79
328,Lundamo,NO,2022-01-30 21:03:07,63.1333,10.3,27.27,97,100,4.63
329,Comodoro Rivadavia,AR,2022-01-30 21:03:08,-45.8667,-67.5,62.46,34,40,11.5
330,Sao Joao Da Barra,BR,2022-01-30 21:03:08,-21.6403,-41.0511,84.29,88,6,10.4
331,Gladstone,AU,2022-01-30 21:03:09,-23.85,151.25,78.78,88,75,3.44
332,Warrnambool,AU,2022-01-30 21:03:09,-38.3833,142.4833,66.81,91,36,6.2
333,Rio Gallegos,AR,2022-01-30 21:03:09,-51.6226,-69.2181,57.25,30,40,33.38
334,Haukipudas,FI,2022-01-30 21:03:10,65.1765,25.3523,10.45,91,100,7.18
335,Bambous Virieux,MU,2022-01-30 21:03:10,-20.3428,57.7575,78.22,82,100,17.49
336,Bisira,PA,2022-01-30 21:03:11,8.5196,-81.7115,67.78,52,15,9.06
337,Kedrovyy,RU,2022-01-30 21:03:11,56.1667,91.8167,-14.13,96,29,3.42
338,Ritchie,ZA,2022-01-30 21:03:11,-29.038,24.6028,67.12,80,100,5.73
339,Omaha,US,2022-01-30 21:00:32,41.2586,-95.9378,40.51,52,0,1.99
340,Altamira,BR,2022-01-30 20:59:56,-3.2033,-52.2064,80.69,78,75,2.3
341,Kanye,BW,2022-01-30 21:03:12,-24.9667,25.3327,61.05,92,92,8.72
342,Havelock,US,2022-01-30 20:59:17,34.8791,-76.9013,43.02,44,6,8.99
343,Sorsk,RU,2022-01-30 21:03:13,54.0033,90.2467,-5.98,100,51,2.51
344,Buta,CD,2022-01-30 21:03:13,2.7858,24.73,70.43,37,98,1.52
345,Nome,US,2022-01-30 20:52:54,64.5011,-165.4064,-7.89,70,0,4.61
346,Berlevag,NO,2022-01-30 21:03:14,70.8578,29.0864,30.2,93,100,14.97
347,Mehamn,NO,2022-01-30 21:03:10,71.0357,27.8492,32.18,69,75,18.41
348,Shingu,JP,2022-01-30 21:03:14,33.7333,135.9833,35.31,79,56,7.0
349,Puerto El Triunfo,SV,2022-01-30 21:03:14,13.2833,-88.55,93.36,44,44,7.67
350,Esperance,AU,2022-01-30 21:03:15,-33.8667,121.9,68.4,71,48,8.99
351,Yanam,IN,2022-01-30 21:03:15,16.7333,82.2167,63.93,96,9,1.86
352,Butte,US,2022-01-30 21:03:16,39.6499,-121.5677,62.62,49,0,0.0
353,Wanning,CN,2022-01-30 21:03:16,18.8003,110.3967,69.3,87,100,14.67
354,Shimoda,JP,2022-01-30 21:03:16,34.6667,138.95,36.1,65,98,8.3
355,Nyurba,RU,2022-01-30 21:03:17,63.2842,118.3319,-22.94,100,33,4.45
356,Punta Alta,AR,2022-01-30 21:03:17,-38.8759,-62.0736,65.07,56,58,23.22
357,Dunedin,NZ,2022-01-30 21:00:42,-45.8742,170.5036,66.79,73,0,10.0
358,Valparaiso,CL,2022-01-30 21:03:18,-33.0393,-71.6273,77.23,63,0,14.97
359,Richards Bay,ZA,2022-01-30 20:53:53,-28.783,32.0377,71.46,86,98,6.29
360,Shiyan,CN,2022-01-30 21:00:22,32.6475,110.7781,36.55,76,100,3.36
361,Flinders,AU,2022-01-30 20:53:24,-34.5833,150.8552,73.26,88,21,5.99
362,Tanout,NE,2022-01-30 21:03:19,14.9709,8.8879,62.96,15,39,17.4
363,Sambava,MG,2022-01-30 21:03:19,-14.2667,50.1667,77.34,87,60,11.36
364,Chisinau,MD,2022-01-30 21:01:50,47.0056,28.8575,38.93,71,0,15.01
365,Buraydah,SA,2022-01-30 21:03:20,26.326,43.975,57.67,38,83,13.69
366,Makurdi,NG,2022-01-30 21:03:20,7.7411,8.5121,81.79,12,100,8.03
367,Serdobsk,RU,2022-01-30 21:03:20,52.4586,44.2169,22.46,93,100,10.96
368,Palana,RU,2022-01-30 21:03:21,59.1167,159.9667,27.34,67,73,25.5
369,Port Lincoln,AU,2022-01-30 20:59:30,-34.7333,135.8667,66.54,83,31,8.16
370,Zyryanka,RU,2022-01-30 20:54:05,65.75,150.85,-16.51,97,100,10.29
371,Brae,GB,2022-01-30 20:54:14,60.3964,-1.353,39.11,96,100,14.97
372,Vila Velha,BR,2022-01-30 21:04:22,-20.3297,-40.2925,80.55,85,0,4.61
373,Revelstoke,CA,2022-01-30 21:04:22,50.9832,-118.2023,30.22,93,100,5.75
374,Poum,NC,2022-01-30 21:04:23,-20.2333,164.0167,80.02,76,97,8.61
375,Humaita,BR,2022-01-30 21:04:23,-7.5061,-63.0208,81.14,75,100,3.91
376,Kitimat,CA,2022-01-30 21:04:23,54.0524,-128.6534,38.91,70,100,5.08
377,Wattegama,LK,2022-01-30 21:04:24,6.7989,81.4808,71.91,97,28,4.09
378,Champerico,GT,2022-01-30 21:04:24,14.3,-91.9167,91.94,64,3,10.69
379,Lavrentiya,RU,2022-01-30 20:59:37,65.5833,-171.0,-5.94,90,3,4.76
380,Lufkin,US,2022-01-30 21:04:25,31.3382,-94.7291,69.06,28,0,9.22
381,Haines Junction,CA,2022-01-30 21:04:25,60.7522,-137.5108,8.08,92,98,2.89
382,Salym,RU,2022-01-30 21:04:25,60.0625,71.4789,-4.54,100,100,3.85
383,Mopipi,BW,2022-01-30 21:04:26,-21.1833,24.8833,72.52,75,73,12.82
384,Tsagan Aman,RU,2022-01-30 21:04:26,47.5639,46.7218,26.67,86,16,7.18
385,Gazojak,TM,2022-01-30 21:04:27,41.1875,61.4036,33.04,64,91,9.13
386,Shakhtinsk,KZ,2022-01-30 21:04:27,49.71,72.5872,14.54,93,100,13.6
387,Olga,RU,2022-01-30 21:04:27,43.7444,135.2892,10.67,58,4,13.62
388,Quatre Cocos,MU,2022-01-30 21:04:28,-20.2078,57.7625,78.1,82,100,17.9
389,Baglung,NP,2022-01-30 21:04:28,28.2719,83.5898,48.47,81,76,1.66
390,Agadez,NE,2022-01-30 21:04:29,19.75,10.25,57.85,15,0,12.01
391,Shieli,KZ,2022-01-30 21:04:29,44.1667,66.75,26.26,85,33,7.31
392,Mongo,TD,2022-01-30 21:04:29,12.1844,18.693,69.8,14,14,9.55
393,Ionia,US,2022-01-30 21:04:30,42.9873,-85.0711,27.82,72,100,3.44
394,Nanortalik,GL,2022-01-30 21:04:30,60.1432,-45.2371,17.19,81,100,16.33
395,Murphy,US,2022-01-30 21:04:31,33.0151,-96.6131,72.01,22,0,3.0
396,Kawalu,ID,2022-01-30 21:04:31,-7.3817,108.2082,72.5,95,100,2.89
397,Niksic,ME,2022-01-30 21:04:31,42.7731,18.9445,40.87,84,8,6.67
398,Kavieng,PG,2022-01-30 21:04:32,-2.5744,150.7967,80.98,76,86,1.99
399,Kurayoshi,JP,2022-01-30 21:04:32,35.4333,133.8167,36.59,96,99,7.31
400,Kijang,KR,2022-01-30 21:04:33,35.2442,129.2139,32.56,28,0,5.21
401,Suntar,RU,2022-01-30 21:04:33,62.1444,117.6319,-17.07,99,83,3.89
402,Puerto Leguizamo,CO,2022-01-30 21:04:33,-0.1934,-74.7819,93.38,37,100,1.57
403,Nouadhibou,MR,2022-01-30 21:04:34,20.931,-17.0347,64.33,76,100,19.93
404,Dzaoudzi,YT,2022-01-30 21:04:34,-12.7887,45.2699,80.49,83,0,4.61
405,Zhuhai,CN,2022-01-30 21:00:13,22.2769,113.5678,59.05,71,40,21.85
406,Owatonna,US,2022-01-30 21:04:35,44.0839,-93.226,23.18,69,0,3.0
407,Bystryy Istok,RU,2022-01-30 21:04:35,52.371,84.3873,-3.82,97,72,3.31
408,Anito,PH,2022-01-30 21:04:36,12.4497,125.2886,75.25,90,35,0.81
409,Tilichiki,RU,2022-01-30 21:04:36,60.4667,166.1,21.56,76,100,13.69
410,Mamallapuram,IN,2022-01-30 21:04:36,12.6264,80.1722,79.05,79,18,5.41
411,Tagusao,PH,2022-01-30 21:04:37,9.1924,117.8141,78.53,84,10,4.45
412,Ugoofaaru,MV,2022-01-30 21:04:37,5.6667,73.0,81.16,76,41,13.73
413,Qasigiannguit,GL,2022-01-30 21:04:38,68.8193,-51.1922,7.05,74,100,8.75
414,Doka,SD,2022-01-30 21:04:38,13.5167,35.7667,75.02,35,16,10.51
415,Mindif,CM,2022-01-30 21:04:38,10.3976,14.4363,71.46,19,77,11.34
416,Peruibe,BR,2022-01-30 21:04:07,-24.32,-46.9983,73.9,93,100,2.89
417,Hirado,JP,2022-01-30 21:05:39,33.3597,129.5531,43.36,47,5,14.34
418,Alofi,NU,2022-01-30 21:05:39,-19.0595,-169.9187,74.79,84,100,7.72
419,Pangai,TO,2022-01-30 21:05:40,-19.8,-174.35,81.09,75,99,10.42
420,Lubumbashi,CD,2022-01-30 21:05:40,-11.6609,27.4794,63.86,97,100,2.55
421,Tommot,RU,2022-01-30 21:05:41,58.9564,126.2925,-6.12,97,100,5.3
422,Willowmore,ZA,2022-01-30 21:05:41,-33.2926,23.4895,72.64,57,95,8.16
423,San Juan De Uraba,CO,2022-01-30 21:05:41,8.7592,-76.5297,79.57,78,44,13.27
424,Palaikastron,GR,2022-01-30 21:05:42,35.2,26.25,49.75,74,12,5.95
425,Newport,GB,2022-01-30 21:04:39,51.5877,-2.9984,50.86,91,100,1.99
426,Kathu,TH,2022-01-30 21:05:44,7.9178,98.3332,85.69,82,35,8.81
427,Senneterre,CA,2022-01-30 21:05:44,48.3835,-77.2328,8.82,87,100,7.87
428,Mairana,BO,2022-01-30 21:05:45,-18.1167,-63.9333,73.96,44,41,8.28
429,Dhidhdhoo,MV,2022-01-30 21:05:45,6.8833,73.1,81.39,74,34,9.1
430,Vung Tau,VN,2022-01-30 21:05:45,10.346,107.0843,78.22,80,60,20.13
431,Pacific Grove,US,2022-01-30 21:05:34,36.6177,-121.9166,69.62,68,0,1.01
432,Opuwo,NA,2022-01-30 21:05:46,-18.0607,13.84,65.66,50,25,9.89
433,Chancay,PE,2022-01-30 21:05:46,-11.5714,-77.2672,76.32,75,100,8.66
434,Meulaboh,ID,2022-01-30 21:05:47,4.1363,96.1285,76.96,86,85,3.09
435,Moryakovskiy Zaton,RU,2022-01-30 21:05:47,56.6956,84.6467,11.28,93,35,5.17
436,Roald,NO,2022-01-30 21:05:47,62.5833,6.1333,33.33,86,75,9.22
437,Burewala,PK,2022-01-30 21:05:48,30.1667,72.65,55.69,31,0,0.67
438,Hilton Head Island,US,2022-01-30 21:04:46,32.2163,-80.7526,59.0,52,0,11.5
439,Kirando,TZ,2022-01-30 21:05:49,-7.4167,30.6,72.93,82,100,5.93
440,Nara,JP,2022-01-30 21:02:02,34.6851,135.8049,34.92,70,32,2.17
441,Concepcion Del Oro,MX,2022-01-30 21:05:49,24.6333,-101.4167,65.73,19,1,10.69
442,Benguela,AO,2022-01-30 21:05:49,-12.5763,13.4055,77.18,79,100,4.72
443,Tutoia,BR,2022-01-30 21:05:50,-2.7619,-42.2744,85.98,77,97,11.23
444,Mwene-Ditu,CD,2022-01-30 21:05:50,-7.0,23.45,65.21,94,99,2.15
445,Pushkinskiye Gory,RU,2022-01-30 21:05:51,57.0209,28.9103,25.59,98,100,3.06
446,Betare Oya,CM,2022-01-30 21:05:51,5.6,14.0833,71.78,23,95,4.25
447,Thaba-Tseka,LS,2022-01-30 21:05:51,-29.522,28.6084,59.58,72,100,2.28
448,Staryy Nadym,RU,2022-01-30 21:05:52,65.6118,72.6842,-4.22,97,100,7.4
449,Kushima,JP,2022-01-30 21:05:52,31.4583,131.2333,40.12,84,1,8.16
450,Nizhniy Kuranakh,RU,2022-01-30 21:05:53,58.8353,125.4869,-10.53,99,100,3.56
451,Sorland,NO,2022-01-30 21:05:53,67.667,12.6934,33.66,45,97,8.59
452,Ust-Omchug,RU,2022-01-30 21:05:53,61.15,149.6333,-16.78,99,83,6.71
453,Caravelas,BR,2022-01-30 21:05:54,-17.7125,-39.2481,80.37,81,11,11.86
454,Anadyr,RU,2022-01-30 21:05:54,64.75,177.4833,-19.7,75,40,1.99
455,Launceston,AU,2022-01-30 21:05:51,-41.45,147.1667,63.61,81,7,4.0
456,Praia,CV,2022-01-30 21:05:55,14.9215,-23.5087,70.34,68,75,19.57
457,Gobabis,NA,2022-01-30 21:05:55,-22.45,18.9667,67.82,81,80,11.61
458,U Thong,TH,2022-01-30 21:05:55,14.3751,99.8923,70.86,62,21,6.11
459,Kibaya,TZ,2022-01-30 21:05:56,-5.3,36.5667,61.0,95,100,2.33
460,Sokoto,NG,2022-01-30 21:06:56,13.0609,5.239,71.67,12,4,14.14
461,Portree,GB,2022-01-30 21:06:57,57.4129,-6.1942,42.85,85,100,30.09
462,Yerbogachen,RU,2022-01-30 21:02:08,61.2767,108.0108,-17.88,100,91,3.13
463,Majene,ID,2022-01-30 21:06:57,-3.5403,118.9707,77.59,84,99,5.91
464,Peniche,PT,2022-01-30 21:06:57,39.3558,-9.3811,58.08,65,21,6.31
465,Tarsus,TR,2022-01-30 21:06:58,36.9188,34.8784,48.07,79,94,8.37
466,Bakel,SN,2022-01-30 21:06:58,14.905,-12.4568,86.47,10,11,9.62
467,Camabatela,AO,2022-01-30 21:06:59,-8.1881,15.375,62.83,98,100,2.91
468,Montlucon,FR,2022-01-30 21:06:59,46.3333,2.6,40.68,98,10,3.36
469,Guerrero Negro,MX,2022-01-30 21:06:59,27.9769,-114.0611,65.34,52,100,15.03
470,The Valley,AI,2022-01-30 21:07:00,18.217,-63.0578,82.26,69,20,11.5
471,Bottrop,DE,2022-01-30 21:06:43,51.5167,6.9167,41.63,80,75,1.99
472,Price,US,2022-01-30 21:07:00,39.5994,-110.8107,45.12,33,0,0.0
473,Kabalo,CD,2022-01-30 21:07:01,-6.05,26.9167,70.25,93,100,3.8
474,Qaqortoq,GL,2022-01-30 21:07:01,60.7167,-46.0333,23.5,67,100,13.09
475,Port Blair,IN,2022-01-30 21:07:01,11.6667,92.75,71.71,71,51,7.92
476,Nabire,ID,2022-01-30 21:07:02,-3.3667,135.4833,74.19,89,100,3.33
477,Kadyy,RU,2022-01-30 21:07:02,57.787,43.1903,14.41,97,98,5.46
478,Ambilobe,MG,2022-01-30 21:04:06,-13.2,49.05,75.15,92,94,1.83
479,Hofn,IS,2022-01-30 21:07:03,64.2539,-15.2082,26.11,50,0,23.24
480,Russkaya Polyana,UA,2022-01-30 21:07:03,49.417,31.9201,32.31,85,26,15.3
481,Padang,ID,2022-01-30 21:07:03,-0.9492,100.3543,75.25,89,100,3.85
482,Cairns,AU,2022-01-30 21:07:04,-16.9167,145.7667,77.07,97,75,0.0
483,Asau,RO,2022-01-30 21:04:04,46.4333,26.4,39.4,69,99,20.96
484,Bangui,CF,2022-01-30 21:07:04,4.3612,18.555,77.36,23,84,2.59
485,Fort Thomas,US,2022-01-30 21:07:05,39.0751,-84.4472,40.77,54,0,8.05
486,Hobyo,SO,2022-01-30 21:07:05,5.3505,48.5268,76.68,78,93,17.11
487,Nsanje,MW,2022-01-30 21:07:06,-16.92,35.262,71.91,95,8,2.77
488,Sibiti,CG,2022-01-30 21:07:06,-3.6819,13.3499,69.75,96,100,2.64
489,Sao Filipe,CV,2022-01-30 21:07:07,14.8961,-24.4956,71.42,73,100,12.8
490,Barcelos,PT,2022-01-30 21:07:07,41.5388,-8.6151,54.84,63,1,4.16
491,Lagoa,PT,2022-01-30 21:07:07,39.05,-27.9833,58.14,70,38,25.77
492,Yibin,CN,2022-01-30 21:07:08,28.7667,104.6238,42.91,84,85,2.17
493,Chimoio,MZ,2022-01-30 21:07:08,-19.1164,33.4833,63.97,97,1,0.63
494,Odweyne,SO,2022-01-30 21:07:08,9.4092,45.064,62.35,29,22,7.9
495,Porto Belo,BR,2022-01-30 21:07:09,-27.1578,-48.5531,80.17,67,94,9.95
496,Booue,GA,2022-01-30 21:07:09,-0.0921,11.9385,76.98,75,99,3.2
497,Saint-Esteve,FR,2022-01-30 21:07:10,42.7131,2.843,55.22,58,0,16.11
498,Senekal,ZA,2022-01-30 21:07:10,-28.3197,27.6208,63.57,79,100,4.9
499,Rafai,CF,2022-01-30 21:07:10,4.95,23.9167,71.49,29,86,2.48
500,Salta,AR,2022-01-30 21:07:11,-24.7859,-65.4117,80.89,46,51,3.0
501,Santa Cruz Del Sur,CU,2022-01-30 21:07:11,20.7147,-77.9956,74.93,46,66,14.27
502,Kihei,US,2022-01-30 21:07:12,20.785,-156.4656,82.42,56,0,14.97
503,Faya,SA,2022-01-30 21:07:12,18.3851,42.4509,55.92,86,11,4.43
504,Yumen,CN,2022-01-30 21:07:12,40.2833,97.2,14.65,44,100,6.6
505,Waitara,NZ,2022-01-30 21:07:13,-38.925,174.25,68.0,68,91,4.0
506,Hervey Bay,AU,2022-01-30 21:07:13,-25.2986,152.8535,77.04,84,21,9.53
507,Halifax,CA,2022-01-30 21:05:04,44.6453,-63.5724,23.09,75,93,5.01
508,Krasnoselkup,RU,2022-01-30 21:08:14,65.7,82.4667,0.73,95,98,7.92
509,Akhmeta,GE,2022-01-30 21:08:14,42.0311,45.2075,36.12,55,51,3.89
510,Corinth,GR,2022-01-30 21:08:14,37.9407,22.9573,47.68,79,49,5.48
511,Ternuvate,UA,2022-01-30 21:08:15,47.8305,36.1276,31.48,97,100,14.52
512,Kruisfontein,ZA,2022-01-30 21:08:15,-34.0033,24.7314,70.88,95,74,6.11
513,Yerofey Pavlovich,RU,2022-01-30 21:08:16,53.9667,121.9667,-6.32,94,100,3.0
514,Gualaceo,EC,2022-01-30 21:08:16,-2.9,-78.7833,64.45,69,100,4.74
515,Torbay,CA,2022-01-30 21:05:30,47.6666,-52.7314,42.76,81,100,7.0
516,Arkhangelsk,RU,2022-01-30 21:08:17,64.5401,40.5433,15.91,92,100,4.47
517,San Lorenzo,PY,2022-01-30 21:08:17,-25.3333,-57.5333,95.94,20,20,2.3
518,Unity,CA,2022-01-30 21:08:17,52.4501,-109.1682,30.25,89,36,4.09
519,Finote Selam,ET,2022-01-30 21:08:18,10.7,37.2667,63.01,54,44,5.73
520,Sembakung,ID,2022-01-30 21:08:18,3.8167,117.25,71.64,99,100,1.92
521,Murashi,RU,2022-01-30 21:08:19,59.3999,48.9615,4.8,99,93,4.27
522,Villarrica,PY,2022-01-30 21:08:19,-25.75,-56.4333,94.44,27,15,8.08
523,Moose Factory,CA,2022-01-30 21:08:20,51.2585,-80.6094,-2.22,65,75,9.22
524,Veraval,IN,2022-01-30 21:08:20,20.9,70.3667,66.51,60,0,11.95
525,Badnawar,IN,2022-01-30 21:03:52,23.0167,75.2167,58.1,32,0,5.91
526,Tual,ID,2022-01-30 21:08:21,-5.6667,132.75,83.73,78,100,23.09
527,Along,IN,2022-01-30 21:08:21,28.1667,94.7667,44.47,80,16,1.52
528,Pouembout,NC,2022-01-30 21:08:21,-21.1333,164.9,79.93,79,100,3.94
529,Vanimo,PG,2022-01-30 21:08:22,-2.6741,141.3028,76.5,88,100,7.96
530,Cabedelo,BR,2022-01-30 21:08:22,-6.9811,-34.8339,83.07,72,17,12.33
531,Torreon,MX,2022-01-30 21:08:23,25.55,-103.4333,75.15,25,40,6.91
532,Torva,EE,2022-01-30 21:08:23,58.0028,25.935,32.02,99,100,2.21
533,Acapulco,MX,2022-01-30 21:08:23,16.8634,-99.8901,84.02,74,0,11.5
534,Saldanha,ZA,2022-01-30 21:08:24,-33.0117,17.9442,65.5,91,99,9.57
535,Riberalta,BO,2022-01-30 21:08:24,-10.9833,-66.1,77.2,94,75,6.91
536,Likasi,CD,2022-01-30 21:08:24,-10.9814,26.7333,62.65,98,100,3.33
537,Manta,EC,2022-01-30 21:08:25,-0.95,-80.7333,76.78,83,100,4.61
538,Terrace,CA,2022-01-30 21:08:25,54.5163,-128.6035,38.43,98,98,3.78
539,Mananjary,MG,2022-01-30 21:08:26,-21.2167,48.3333,73.76,80,0,2.35
540,Registro,BR,2022-01-30 21:08:26,-24.4875,-47.8436,72.99,97,99,3.2
541,Salalah,OM,2022-01-30 21:08:26,17.0151,54.0924,69.89,73,0,3.44
542,Charlestown,AU,2022-01-30 21:08:27,-32.95,151.6667,73.72,95,86,3.0
543,Sabha,LY,2022-01-30 21:08:27,27.0377,14.4283,47.43,46,0,8.39
544,Porto Novo,BJ,2022-01-30 21:08:27,6.4965,2.6036,76.33,66,67,2.66
545,Port-Gentil,GA,2022-01-30 21:08:28,-0.7193,8.7815,81.32,80,91,8.55
546,Mobaye,CF,2022-01-30 21:08:28,4.319,21.1786,74.44,26,32,1.57
547,Immokalee,US,2022-01-30 21:08:29,26.4187,-81.4173,60.71,18,0,3.44
548,Pisco,PE,2022-01-30 21:06:23,-13.7,-76.2167,75.25,69,40,6.91
549,Uyuni,BO,2022-01-30 21:08:29,-20.4597,-66.825,63.25,34,46,9.71
550,Port Hedland,AU,2022-01-30 21:08:30,-20.3167,118.5667,82.45,78,91,11.5
551,Yining,CN,2022-01-30 21:08:30,29.0361,114.5636,37.96,86,100,2.95
552,Jaisalmer,IN,2022-01-30 21:08:30,26.9147,70.9181,64.0,30,0,3.53
553,Codrington,AU,2022-01-30 21:08:31,-38.2667,141.9667,64.15,93,42,5.84
554,Neuquen,AR,2022-01-30 21:05:55,-38.9516,-68.0591,80.49,14,0,16.11
555,Pitelino,RU,2022-01-30 21:09:31,54.5777,41.8145,23.7,94,100,12.24
556,Filadelfia,US,2022-01-30 21:05:31,39.9523,-75.1638,28.18,47,20,5.01
557,Khandagayty,RU,2022-01-30 21:09:32,50.7333,92.05,-21.33,93,69,4.63
558,Clarence Town,AU,2022-01-30 21:09:32,-32.5833,151.7833,74.8,76,79,0.74
559,Beckley,US,2022-01-30 21:05:54,37.7782,-81.1882,40.89,46,0,11.01
560,Medina,SA,2022-01-30 21:09:33,24.4686,39.6142,66.63,52,0,5.75
561,Naze,JP,2022-01-30 21:09:33,28.3667,129.4833,52.29,68,89,19.39
562,Xinzhi,CN,2022-01-30 21:09:34,36.4989,111.7047,25.02,43,0,8.08
563,Santa Marta,CO,2022-01-30 21:07:24,11.2408,-74.199,89.65,61,20,17.27
564,Pimentel,PE,2022-01-30 21:09:34,-6.8367,-79.9342,77.29,53,0,19.57
565,Jogindarnagar,IN,2022-01-30 21:09:34,31.9833,76.7667,48.45,42,52,7.99
566,Touba,CI,2022-01-30 21:09:35,8.2833,-7.6833,79.29,15,40,2.91
567,Inhambane,MZ,2022-01-30 21:09:35,-23.865,35.3833,75.16,81,88,8.1
568,Antalaha,MG,2022-01-30 21:09:36,-14.9003,50.2788,75.65,87,14,7.96
