City_ID,City,Country,Date,Lat,Lng,Max Temp,Humidity,Cloudiness,Wind Speed,Current Weather
0,Olga,RU,2022-02-03 01:16:39,43.7444,135.2892,13.87,49,3,14.23,clear sky
1,Upington,ZA,2022-02-03 01:16:39,-28.4478,21.2561,71.98,94,100,5.75,overcast clouds
2,Poum,NC,2022-02-03 01:16:40,-20.2333,164.0167,80.15,73,0,0.45,clear sky
3,Cabra,ES,2022-02-03 01:16:40,37.4725,-4.4421,52.18,46,100,4.18,overcast clouds
4,Upernavik,GL,2022-02-03 01:13:09,72.7868,-56.1549,-8.97,67,100,8.77,overcast clouds
5,Ypsonas,CY,2022-02-03 01:16:41,34.6884,32.9574,57.27,87,20,2.3,few clouds
6,Areia Branca,BR,2022-02-03 01:16:41,-4.9561,-37.1369,81.03,76,41,15.01,scattered clouds
7,New Norfolk,AU,2022-02-03 01:16:42,-42.7826,147.0587,60.3,91,99,4.43,light rain
8,General Cepeda,MX,2022-02-03 01:16:42,25.3833,-101.45,71.01,22,6,2.33,clear sky
9,Punta Arenas,CL,2022-02-03 01:15:32,-53.15,-70.9167,48.31,76,75,6.91,broken clouds
10,Jamestown,US,2022-02-03 01:07:43,42.097,-79.2353,40.59,60,100,5.99,light rain
11,Forest,US,2022-02-03 01:16:43,37.3638,-79.2897,45.61,69,75,0.0,broken clouds
12,Usinsk,RU,2022-02-03 01:16:43,65.9939,57.5281,14.43,96,100,9.31,overcast clouds
13,Avarua,CK,2022-02-03 01:06:44,-21.2078,-159.775,84.25,79,75,18.41,broken clouds
14,Mataura,NZ,2022-02-03 01:16:43,-46.1927,168.8643,59.49,91,100,3.62,overcast clouds
15,Vao,NC,2022-02-03 01:16:44,-22.6667,167.4833,78.37,71,100,9.89,overcast clouds
16,Carnarvon,AU,2022-02-03 01:08:26,-24.8667,113.6333,87.93,48,6,5.06,clear sky
17,Albany,US,2022-02-03 01:06:39,42.6001,-73.9662,42.48,77,100,3.38,overcast clouds
18,Mahanoro,MG,2022-02-03 01:16:45,-19.9,48.8,73.72,85,100,13.78,overcast clouds
19,Sola,VU,2022-02-03 01:16:45,-13.8833,167.55,81.57,75,100,9.28,overcast clouds
20,Ushuaia,AR,2022-02-03 01:16:45,-54.8,-68.3,42.46,61,75,23.02,broken clouds
21,Atar,MR,2022-02-03 01:16:46,20.5169,-13.0499,71.51,21,0,7.52,clear sky
22,Labuhan,ID,2022-02-03 01:10:30,-6.8844,112.2051,80.65,79,81,1.03,broken clouds
23,Dingle,PH,2022-02-03 01:16:46,10.9995,122.6711,80.74,78,70,13.09,broken clouds
24,Itarema,BR,2022-02-03 01:14:26,-2.9248,-39.9167,79.18,79,100,10.07,overcast clouds
25,Hamilton,US,2022-02-03 01:16:47,39.1834,-84.5333,45.79,96,100,1.99,light rain
26,Arraial Do Cabo,BR,2022-02-03 01:11:58,-22.9661,-42.0278,75.25,88,100,4.25,overcast clouds
27,San Rafael,AR,2022-02-03 01:12:36,-34.6177,-68.3301,77.4,43,100,4.79,overcast clouds
28,San Quintin,MX,2022-02-03 01:16:47,30.4833,-115.95,59.23,61,0,8.88,clear sky
29,Kapaa,US,2022-02-03 01:15:03,22.0752,-159.319,81.48,65,0,1.99,clear sky
30,Arlit,NE,2022-02-03 01:16:48,18.7369,7.3853,60.37,16,0,12.33,clear sky
31,Mount Isa,AU,2022-02-03 01:16:48,-20.7333,139.5,82.17,74,75,14.97,broken clouds
32,Faanui,PF,2022-02-03 01:09:09,-16.4833,-151.75,81.21,75,14,20.09,few clouds
33,Marseille,FR,2022-02-03 01:16:49,43.3333,5.5,47.91,70,2,1.99,clear sky
34,Butaritari,KI,2022-02-03 01:16:49,3.0707,172.7902,81.79,78,100,16.22,light rain
35,Meulaboh,ID,2022-02-03 01:09:19,4.1363,96.1285,77.05,83,61,2.95,broken clouds
36,Yagodnoye,RU,2022-02-03 01:16:50,62.55,149.6667,-7.85,96,100,4.14,overcast clouds
37,Hilo,US,2022-02-03 01:09:17,19.7297,-155.09,78.53,74,75,8.05,broken clouds
38,Amahai,ID,2022-02-03 01:15:46,-3.3333,128.9167,84.99,65,91,2.28,overcast clouds
39,Port Alfred,ZA,2022-02-03 01:03:00,-33.5906,26.891,73.54,92,100,8.9,overcast clouds
40,Tarakan,ID,2022-02-03 01:16:51,3.3,117.6333,81.9,78,40,6.91,scattered clouds
41,Nome,US,2022-02-03 01:16:51,64.5011,-165.4064,11.1,53,0,33.38,clear sky
42,Yarada,IN,2022-02-03 01:17:52,17.65,83.2667,70.12,100,40,2.3,mist
43,Kashi,CN,2022-02-03 01:17:52,39.4547,75.9797,24.01,46,0,8.95,clear sky
44,Pangnirtung,CA,2022-02-03 01:17:53,66.1451,-65.7125,4.78,86,100,7.23,overcast clouds
45,Kahului,US,2022-02-03 01:13:14,20.8947,-156.47,83.46,68,40,14.97,scattered clouds
46,Arauco,CL,2022-02-03 01:17:53,-37.2463,-73.3175,60.82,94,17,1.99,few clouds
47,Cape Town,ZA,2022-02-03 01:17:54,-33.9258,18.4232,65.12,89,75,1.01,broken clouds
48,Iqaluit,CA,2022-02-03 01:17:54,63.7506,-68.5145,8.33,84,75,10.0,light snow
49,Tasiilaq,GL,2022-02-03 01:09:51,65.6145,-37.6368,10.56,80,95,5.39,overcast clouds
50,Rikitea,PF,2022-02-03 01:17:54,-23.1203,-134.9692,78.6,73,84,7.74,light rain
51,Provideniya,RU,2022-02-03 01:17:55,64.3833,-173.3,8.71,78,75,38.03,broken clouds
52,Hermanus,ZA,2022-02-03 01:17:18,-34.4187,19.2345,64.9,86,0,10.85,clear sky
53,Nanortalik,GL,2022-02-03 01:17:55,60.1432,-45.2371,13.33,61,100,9.84,overcast clouds
54,Szczecinek,PL,2022-02-03 01:17:56,53.7079,16.6994,28.6,92,62,5.48,broken clouds
55,Yellowknife,CA,2022-02-03 01:11:41,62.456,-114.3525,-24.45,80,34,4.0,scattered clouds
56,Bethel,US,2022-02-03 01:17:56,41.3712,-73.414,39.42,86,100,0.0,overcast clouds
57,Isangel,VU,2022-02-03 01:09:24,-19.55,169.2667,83.53,70,100,4.97,overcast clouds
58,Mahebourg,MU,2022-02-03 01:09:37,-20.4081,57.7,78.26,88,100,31.88,moderate rain
59,Kruisfontein,ZA,2022-02-03 01:11:49,-34.0033,24.7314,68.88,89,100,10.6,overcast clouds
60,Ustye,RU,2022-02-03 01:17:57,59.6304,39.736,13.57,97,100,4.92,overcast clouds
61,Vaini,TO,2022-02-03 01:09:05,-21.2,-175.2,87.96,70,40,6.91,scattered clouds
62,Menongue,AO,2022-02-03 01:17:58,-14.6585,17.691,66.13,65,42,3.91,scattered clouds
63,Busselton,AU,2022-02-03 01:17:58,-33.65,115.3333,76.05,36,53,16.06,broken clouds
64,Chernyshevskiy,RU,2022-02-03 01:09:14,63.0128,112.4714,-18.04,98,100,1.86,overcast clouds
65,Katsuura,JP,2022-02-03 01:09:34,35.1333,140.3,48.18,47,100,5.73,overcast clouds
66,Ostrovnoy,RU,2022-02-03 01:17:59,68.0531,39.5131,20.43,90,100,15.08,light snow
67,Tuatapere,NZ,2022-02-03 01:13:10,-46.1333,167.6833,58.82,71,100,9.22,overcast clouds
68,Marzuq,YE,2022-02-03 01:17:59,14.4,46.4667,60.15,42,7,4.05,clear sky
69,Guerrero Negro,MX,2022-02-03 01:16:06,27.9769,-114.0611,63.34,37,0,15.1,clear sky
70,Haicheng,CN,2022-02-03 01:18:00,40.8516,122.7475,14.9,60,0,1.3,clear sky
71,Springbok,ZA,2022-02-03 01:18:00,-29.6643,17.8865,60.3,77,87,4.34,overcast clouds
72,Virginia Beach,US,2022-02-03 01:14:51,36.8529,-75.978,44.06,94,100,0.0,mist
73,Costinesti,RO,2022-02-03 01:18:01,43.95,28.6333,37.02,76,100,7.4,overcast clouds
74,Maragogi,BR,2022-02-03 01:18:01,-9.0122,-35.2225,79.25,76,39,8.61,scattered clouds
75,Quelimane,MZ,2022-02-03 01:18:01,-17.8786,36.8883,78.75,83,20,0.0,few clouds
76,Ilulissat,GL,2022-02-03 01:17:21,69.2167,-51.1,-0.38,46,100,25.32,mist
77,Mar Del Plata,AR,2022-02-03 01:18:02,-38.0023,-57.5575,71.62,83,100,3.44,overcast clouds
78,Hasaki,JP,2022-02-03 01:18:02,35.7333,140.8333,43.29,42,100,8.97,overcast clouds
79,Touros,BR,2022-02-03 01:18:03,-5.1989,-35.4608,81.5,76,47,11.92,scattered clouds
80,Tosno,RU,2022-02-03 01:18:03,59.54,30.8775,17.42,100,95,1.7,light snow
81,Codrington,AU,2022-02-03 01:18:03,-38.2667,141.9667,60.64,62,100,15.82,overcast clouds
82,Palu,ID,2022-02-03 01:18:04,-0.8917,119.8707,84.09,64,100,0.78,overcast clouds
83,Khatanga,RU,2022-02-03 01:18:04,71.9667,102.5,-36.22,99,36,2.19,scattered clouds
84,Pringsewu,ID,2022-02-03 01:18:05,-5.3582,104.9744,77.7,83,97,1.66,overcast clouds
85,Mudgee,AU,2022-02-03 01:18:05,-32.5943,149.5871,71.65,68,40,5.75,scattered clouds
86,Jasper,US,2022-02-03 01:18:05,37.2001,-94.3502,21.34,81,100,5.01,snow
87,Agua Verde,MX,2022-02-03 01:18:06,22.9,-106.05,71.04,65,7,6.42,clear sky
88,Atuona,PF,2022-02-03 01:17:08,-9.8,-139.0333,78.24,77,100,14.65,light rain
89,Port-Cartier,CA,2022-02-03 01:18:06,50.0334,-66.8654,28.51,93,100,10.33,overcast clouds
90,Praia Da Vitoria,PT,2022-02-03 01:19:07,38.7333,-27.0667,57.45,88,40,5.86,scattered clouds
91,Klaksvik,FO,2022-02-03 01:09:24,62.2266,-6.589,40.12,76,100,10.94,overcast clouds
92,Jackson,US,2022-02-03 01:19:07,42.4165,-122.8345,48.07,60,0,0.0,clear sky
93,Torbay,CA,2022-02-03 01:15:12,47.6666,-52.7314,22.28,91,40,11.5,scattered clouds
94,Bredasdorp,ZA,2022-02-03 01:10:30,-34.5322,20.0403,67.53,78,0,6.91,clear sky
95,Baykit,RU,2022-02-03 01:19:08,61.67,96.37,4.5,98,100,2.19,light snow
96,Minas,UY,2022-02-03 01:19:08,-34.3759,-55.2377,73.87,77,63,12.86,broken clouds
97,Morondava,MG,2022-02-03 01:19:09,-20.2833,44.2833,78.66,90,83,7.43,light rain
98,Boissevain,CA,2022-02-03 01:19:09,49.2306,-100.0559,-16.1,99,7,7.23,clear sky
99,Dikson,RU,2022-02-03 01:19:10,73.5069,80.5464,-6.81,97,100,12.28,overcast clouds
100,Georgetown,MY,2022-02-03 01:16:43,5.4112,100.3354,82.33,83,20,2.3,few clouds
101,Rocha,UY,2022-02-03 01:06:43,-34.4833,-54.3333,68.29,89,0,9.55,clear sky
102,Tonj,SS,2022-02-03 01:19:11,7.2737,28.6822,75.87,23,35,4.34,scattered clouds
103,Chokurdakh,RU,2022-02-03 01:19:11,70.6333,147.9167,-20.83,98,100,6.96,overcast clouds
104,Terrace Bay,CA,2022-02-03 01:19:11,48.7834,-87.1,-2.58,93,64,11.25,broken clouds
105,Bluff,NZ,2022-02-03 01:19:12,-46.6,168.3333,59.81,65,100,17.09,overcast clouds
106,Sibolga,ID,2022-02-03 01:19:12,1.7427,98.7792,77.97,82,24,1.92,few clouds
107,Pekan,MY,2022-02-03 01:19:12,3.4836,103.3996,77.11,85,34,7.94,scattered clouds
108,Fortuna,US,2022-02-03 01:19:13,40.5982,-124.1573,52.48,85,20,8.01,few clouds
109,Nikolskoye,RU,2022-02-03 01:10:27,59.7035,30.7861,17.49,99,95,1.63,overcast clouds
110,Kingsport,US,2022-02-03 01:15:43,36.5484,-82.5618,50.54,85,100,3.0,moderate rain
111,Havoysund,NO,2022-02-03 01:19:14,70.9963,24.6622,18.48,86,94,9.6,overcast clouds
112,Kavieng,PG,2022-02-03 01:19:14,-2.5744,150.7967,79.7,81,100,15.64,light rain
113,Ozark,US,2022-02-03 01:17:31,37.0209,-93.206,23.85,89,100,4.0,overcast clouds
114,Puerto Narino,CO,2022-02-03 01:19:15,-3.7703,-70.3831,75.15,98,97,0.34,moderate rain
115,Saint Anthony,US,2022-02-03 01:09:11,45.0205,-93.218,3.24,60,0,7.0,clear sky
116,Port Hedland,AU,2022-02-03 01:19:15,-20.3167,118.5667,87.85,42,84,10.36,broken clouds
117,Coihaique,CL,2022-02-03 01:19:15,-45.5752,-72.0662,60.75,67,40,8.05,scattered clouds
118,Alofi,NU,2022-02-03 01:19:16,-19.0595,-169.9187,80.49,83,75,13.8,broken clouds
119,Port-Gentil,GA,2022-02-03 01:19:16,-0.7193,8.7815,79.68,81,100,10.83,moderate rain
120,Palana,RU,2022-02-03 01:19:17,59.1167,159.9667,12.36,85,100,14.34,overcast clouds
121,Sao Joao Da Barra,BR,2022-02-03 01:19:17,-21.6403,-41.0511,74.71,91,100,6.42,moderate rain
122,Puerto Ayora,EC,2022-02-03 01:19:17,-0.7393,-90.3518,74.55,93,0,3.0,clear sky
123,Farah,AF,2022-02-03 01:19:18,32.5,62.5,37.94,53,0,6.82,clear sky
124,Aleksandrov Gay,RU,2022-02-03 01:19:18,50.147,48.5704,30.47,95,100,16.82,light snow
125,Padang,ID,2022-02-03 01:19:19,-0.9492,100.3543,79.83,80,70,3.44,broken clouds
126,Nueva Guinea,NI,2022-02-03 01:19:19,11.6876,-84.4562,68.88,87,17,6.44,few clouds
127,Catamarca,AR,2022-02-03 01:19:19,-28.4696,-65.7852,83.05,45,3,5.57,clear sky
128,Constitucion,CL,2022-02-03 01:16:21,-35.3333,-72.4167,58.12,87,69,5.48,broken clouds
129,Esperance,AU,2022-02-03 01:19:20,-33.8667,121.9,69.35,53,6,15.5,clear sky
130,Opunake,NZ,2022-02-03 01:19:20,-39.4556,173.8583,72.63,70,100,16.06,overcast clouds
131,Rio Grande,BR,2022-02-03 01:19:21,-32.035,-52.0986,73.85,85,0,18.79,clear sky
132,Sao Filipe,CV,2022-02-03 01:18:27,14.8961,-24.4956,73.69,75,0,12.21,clear sky
133,Tual,ID,2022-02-03 01:19:21,-5.6667,132.75,82.33,76,97,8.79,overcast clouds
134,Diapaga,BF,2022-02-03 01:19:22,12.0708,1.7889,67.95,11,5,6.87,clear sky
135,Shahr-E Babak,IR,2022-02-03 01:19:22,30.1165,55.1186,38.19,35,0,0.65,clear sky
136,Tuktoyaktuk,CA,2022-02-03 01:19:22,69.4541,-133.0374,-22.0,69,75,12.66,light snow
137,Arman,RU,2022-02-03 01:20:23,59.7,150.1667,12.36,79,100,10.85,overcast clouds
138,Hambantota,LK,2022-02-03 01:20:23,6.1241,81.1185,71.87,84,34,8.12,scattered clouds
139,Mamontovo,RU,2022-02-03 01:20:24,52.7055,81.6244,-4.09,100,100,3.15,overcast clouds
140,Celestun,MX,2022-02-03 01:20:24,20.8667,-90.4,79.65,68,0,7.85,clear sky
141,Norman Wells,CA,2022-02-03 01:20:24,65.282,-126.8329,-25.56,68,75,9.22,broken clouds
142,Lagoa,PT,2022-02-03 01:20:25,39.05,-27.9833,57.83,72,1,5.08,clear sky
143,Praia,CV,2022-02-03 01:20:25,14.9215,-23.5087,70.95,84,3,15.39,clear sky
144,Grindavik,IS,2022-02-03 01:20:26,63.8424,-22.4338,23.47,80,20,4.61,few clouds
145,Barrow,US,2022-02-03 01:20:26,71.2906,-156.7887,-20.18,69,40,3.44,scattered clouds
146,Avera,US,2022-02-03 01:20:26,33.194,-82.5271,62.47,81,100,6.46,overcast clouds
147,Itacoatiara,BR,2022-02-03 01:20:27,-3.1431,-58.4442,75.0,95,100,0.22,light rain
148,Galesong,ID,2022-02-03 01:20:27,-5.3166,119.3661,78.82,75,100,5.35,overcast clouds
149,Hobart,AU,2022-02-03 01:20:12,-42.8794,147.3294,60.66,89,75,24.16,broken clouds
150,Husavik,IS,2022-02-03 01:20:28,66.0449,-17.3389,6.71,92,86,1.28,overcast clouds
151,Falun,SE,2022-02-03 01:20:28,60.6036,15.626,20.95,98,97,2.13,overcast clouds
152,Xacmaz,AZ,2022-02-03 01:20:29,41.4635,48.806,40.05,74,100,1.7,overcast clouds
153,Bengkulu,ID,2022-02-03 01:20:29,-3.8004,102.2655,78.35,80,75,3.91,broken clouds
154,Kodiak,US,2022-02-03 01:20:29,57.79,-152.4072,36.91,93,100,11.5,mist
155,Biltine,TD,2022-02-03 01:20:30,14.5333,20.9167,62.46,12,4,8.23,clear sky
156,Turbat,PK,2022-02-03 01:20:30,26.0023,63.044,61.41,18,1,31.12,clear sky
157,San Jeronimo,PE,2022-02-03 01:20:30,-11.9472,-75.2829,53.11,78,96,4.09,overcast clouds
158,Hithadhoo,MV,2022-02-03 01:19:39,-0.6,73.0833,81.37,70,6,2.71,clear sky
159,Balsas,BR,2022-02-03 01:20:31,-7.5325,-46.0356,76.05,79,16,2.28,few clouds
160,Tanout,NE,2022-02-03 01:20:31,14.9709,8.8879,58.17,17,5,11.92,clear sky
161,Cap Malheureux,MU,2022-02-03 01:20:32,-19.9842,57.6142,79.29,91,100,18.01,moderate rain
162,Acandi,CO,2022-02-03 01:20:32,8.5063,-77.2778,75.96,91,4,5.46,clear sky
163,Ayan,RU,2022-02-03 01:20:33,56.45,138.1667,-3.01,65,100,16.42,overcast clouds
164,Qaanaaq,GL,2022-02-03 01:20:33,77.484,-69.3632,-10.7,83,100,6.93,overcast clouds
165,Minudasht,IR,2022-02-03 01:20:33,37.2289,55.3747,43.12,53,0,10.29,clear sky
166,Boueni,YT,2022-02-03 01:20:34,-12.9025,45.0761,78.78,74,100,9.42,overcast clouds
167,Ambilobe,MG,2022-02-03 01:20:34,-13.2,49.05,73.4,95,100,1.66,overcast clouds
168,Omsukchan,RU,2022-02-03 01:18:20,62.5333,155.8,-11.76,97,100,6.35,overcast clouds
169,Worthington,US,2022-02-03 01:18:58,40.0931,-83.018,39.83,95,100,1.99,mist
170,Mogocha,RU,2022-02-03 01:20:35,53.7333,119.7667,-10.82,84,14,3.96,few clouds
171,Terme,TR,2022-02-03 01:20:35,41.2092,36.9739,51.73,72,100,5.77,overcast clouds
172,Mount Gambier,AU,2022-02-03 01:18:38,-37.8333,140.7667,64.06,51,79,11.83,broken clouds
173,La Ronge,CA,2022-02-03 01:20:36,55.1001,-105.2842,-19.95,69,0,4.61,clear sky
174,Chimore,BO,2022-02-03 01:20:36,-16.9833,-65.1333,72.36,98,71,1.77,broken clouds
175,Molochnoye,RU,2022-02-03 01:20:37,59.2917,39.6787,9.64,97,95,6.42,overcast clouds
176,Miles City,US,2022-02-03 01:20:37,46.4083,-105.8406,1.51,65,0,6.91,clear sky
177,Kodinsk,RU,2022-02-03 01:20:37,58.6881,99.1844,2.64,98,100,2.82,overcast clouds
178,Krasnyy Yar,RU,2022-02-03 01:20:38,46.5331,48.3456,31.96,90,100,9.26,overcast clouds
179,Poronaysk,RU,2022-02-03 01:20:38,49.2167,143.1167,9.23,75,85,8.79,overcast clouds
180,Souillac,MU,2022-02-03 01:20:38,-20.5167,57.5167,79.18,94,75,27.63,shower rain
181,Belz,FR,2022-02-03 01:20:39,47.6751,-3.168,46.09,95,100,3.0,overcast clouds
182,Qinzhou,CN,2022-02-03 01:20:39,21.95,108.6167,47.62,78,100,13.82,overcast clouds
183,Roebourne,AU,2022-02-03 01:21:40,-20.7833,117.1333,86.52,59,55,12.84,broken clouds
184,Hovd,MN,2022-02-03 01:21:40,48.0056,91.6419,-6.83,97,89,1.81,overcast clouds
185,Severo-Kurilsk,RU,2022-02-03 01:20:47,50.6789,156.125,30.67,76,100,10.07,overcast clouds
186,Atocha,BO,2022-02-03 01:21:40,-20.9333,-66.2333,51.15,71,0,6.24,clear sky
187,Kutum,SD,2022-02-03 01:21:41,14.2,24.6667,62.51,21,36,10.65,scattered clouds
188,Elin Pelin,BG,2022-02-03 01:21:41,42.6667,23.6,31.82,86,100,9.22,overcast clouds
189,Pangkalanbuun,ID,2022-02-03 01:21:42,-2.6833,111.6167,78.22,86,100,1.63,moderate rain
190,Manbij,SY,2022-02-03 01:21:42,36.5281,37.9549,47.17,73,100,15.39,overcast clouds
191,Belaya Gora,RU,2022-02-03 01:21:42,68.5333,146.4167,-28.25,100,17,2.35,few clouds
192,Pisco,PE,2022-02-03 01:21:43,-13.7,-76.2167,68.05,77,0,16.11,clear sky
193,Lesozavodsk,RU,2022-02-03 01:21:43,45.4794,133.4244,2.46,89,100,6.46,overcast clouds
194,Port Hardy,CA,2022-02-03 01:17:17,50.6996,-127.4199,37.58,93,100,14.97,light rain
195,Vestmannaeyjar,IS,2022-02-03 01:21:44,63.4427,-20.2734,29.5,83,100,14.76,overcast clouds
196,Korla,CN,2022-02-03 01:21:44,41.7597,86.1469,22.05,56,7,7.36,clear sky
197,Inhambane,MZ,2022-02-03 01:21:06,-23.865,35.3833,75.31,86,30,3.0,scattered clouds
198,Salinas,US,2022-02-03 01:20:02,36.6777,-121.6555,61.66,27,0,3.56,clear sky
199,Dicamay,PH,2022-02-03 01:21:45,16.7561,122.0037,75.87,74,9,1.48,clear sky
200,Jinchang,CN,2022-02-03 01:21:45,38.4953,102.1739,17.87,37,72,3.06,broken clouds
201,Smoky Lake,CA,2022-02-03 01:21:46,54.1169,-112.4686,-3.51,77,100,11.5,overcast clouds
202,Flinders,AU,2022-02-03 01:21:46,-34.5833,150.8552,73.8,65,56,17.65,broken clouds
203,Barranca,PE,2022-02-03 01:21:47,-10.75,-77.7667,70.84,77,24,8.86,few clouds
204,Biak,ID,2022-02-03 01:21:47,-0.9131,122.8766,82.18,64,99,2.77,overcast clouds
205,Harper,LR,2022-02-03 01:21:47,4.375,-7.7169,78.91,81,6,4.83,clear sky
206,Port Elizabeth,ZA,2022-02-03 01:21:48,-33.918,25.5701,71.1,94,75,13.8,broken clouds
207,Ust-Nera,RU,2022-02-03 01:21:48,64.5667,143.2,-12.57,99,100,2.68,overcast clouds
208,Genhe,CN,2022-02-03 01:21:49,50.7833,121.5167,-11.96,90,40,1.9,scattered clouds
209,Bandar-E Lengeh,IR,2022-02-03 01:21:49,26.5579,54.8807,68.11,55,0,5.08,clear sky
210,Airai,TL,2022-02-03 01:20:48,-8.9266,125.4092,66.76,77,99,3.47,overcast clouds
211,Lilongwe,MW,2022-02-03 01:21:50,-13.9669,33.7873,64.67,93,52,2.17,broken clouds
212,Uyuni,BO,2022-02-03 01:21:50,-20.4597,-66.825,55.56,54,3,3.85,clear sky
213,Mahibadhoo,MV,2022-02-03 01:21:15,3.7833,72.9667,81.45,72,4,10.29,clear sky
214,Dzaoudzi,YT,2022-02-03 01:21:50,-12.7887,45.2699,78.69,89,0,5.75,clear sky
215,College,US,2022-02-03 01:20:55,64.8569,-147.8028,-11.02,71,20,0.0,few clouds
216,Nantucket,US,2022-02-03 01:21:51,41.2835,-70.0995,44.65,100,100,5.86,overcast clouds
217,Saint-Philippe,RE,2022-02-03 01:21:51,-21.3585,55.7679,80.19,95,100,34.02,heavy intensity rain
218,Fort Nelson,CA,2022-02-03 01:21:52,58.8053,-122.7002,-8.01,77,100,9.22,light snow
219,Kavaratti,IN,2022-02-03 01:21:52,10.5669,72.642,79.72,71,14,10.45,few clouds
220,Mardin,TR,2022-02-03 01:20:45,37.3131,40.7436,35.73,74,100,5.19,overcast clouds
221,Viedma,AR,2022-02-03 01:21:53,-40.8135,-62.9967,71.58,47,2,6.58,clear sky
222,Gat,IL,2022-02-03 01:21:53,31.61,34.7642,56.39,53,0,2.82,clear sky
223,Ancud,CL,2022-02-03 01:16:56,-41.8697,-73.8203,58.53,89,75,3.2,broken clouds
224,Touho,NC,2022-02-03 01:21:53,-20.7833,165.2333,81.5,74,0,5.75,clear sky
225,Xining,CN,2022-02-03 01:21:54,36.6167,101.7667,11.35,62,6,1.97,clear sky
226,San Patricio,US,2022-02-03 01:21:54,28.017,-97.5169,73.49,83,100,5.95,overcast clouds
227,Mayor Pablo Lagerenza,PY,2022-02-03 01:21:55,-19.9309,-60.7718,86.16,41,60,6.69,broken clouds
228,Juneau,US,2022-02-03 01:20:54,58.3019,-134.4197,28.4,92,100,4.61,light snow
229,Lamar,US,2022-02-03 01:21:55,33.6668,-95.5836,33.46,93,100,14.97,light snow
230,Santa Engracia,ES,2022-02-03 01:21:55,41.9406,-1.3245,46.13,68,11,2.19,few clouds
231,Miramar,US,2022-02-03 01:22:56,25.9873,-80.2323,73.42,72,0,11.5,clear sky
232,Luderitz,NA,2022-02-03 01:22:56,-26.6481,15.1594,67.66,79,66,2.98,broken clouds
233,Price,US,2022-02-03 01:22:57,39.5994,-110.8107,22.26,35,0,14.97,clear sky
234,Ilhabela,BR,2022-02-03 01:22:57,-23.7781,-45.3581,75.29,90,100,4.47,overcast clouds
235,Saskylakh,RU,2022-02-03 01:22:58,71.9167,114.0833,-31.61,100,17,2.82,few clouds
236,Naze,JP,2022-02-03 01:22:58,28.3667,129.4833,54.52,85,100,23.44,overcast clouds
237,Castrillon,ES,2022-02-03 01:22:59,43.3979,-6.7922,46.94,82,100,3.78,overcast clouds
238,Suntar,RU,2022-02-03 01:22:59,62.1444,117.6319,-27.94,99,35,3.76,scattered clouds
239,Saint-Augustin,CA,2022-02-03 01:22:59,51.226,-58.6502,25.7,90,100,23.02,overcast clouds
240,Mecca,SA,2022-02-03 01:18:22,21.4267,39.8261,68.7,72,0,1.45,clear sky
241,Chuy,UY,2022-02-03 01:23:00,-33.6971,-53.4616,71.13,86,0,11.63,clear sky
242,Neiafu,TO,2022-02-03 01:23:00,-18.65,-173.9833,86.68,66,75,6.91,broken clouds
243,Nanakuli,US,2022-02-03 01:23:01,21.3906,-158.1547,81.03,64,100,5.75,overcast clouds
244,Bathsheba,BB,2022-02-03 01:23:01,13.2167,-59.5167,75.81,83,20,19.57,few clouds
245,Kirakira,SB,2022-02-03 01:23:01,-10.4544,161.9205,82.06,82,100,6.62,light rain
246,Brae,GB,2022-02-03 01:23:02,60.3964,-1.353,44.51,92,100,9.4,overcast clouds
247,Humaita,BR,2022-02-03 01:23:02,-7.5061,-63.0208,74.07,97,100,2.04,overcast clouds
248,Yichang,CN,2022-02-03 01:23:03,30.7144,111.2847,40.33,66,96,0.4,overcast clouds
249,Surab,PK,2022-02-03 01:23:03,28.4914,66.2585,33.66,67,0,12.08,clear sky
250,Havre-Saint-Pierre,CA,2022-02-03 01:23:03,50.2334,-63.5986,28.4,86,100,11.5,overcast clouds
251,Novikovo,RU,2022-02-03 01:23:04,51.1537,37.8879,31.6,99,100,3.65,snow
252,Lebu,CL,2022-02-03 01:23:04,-37.6167,-73.65,60.15,88,81,10.4,broken clouds
253,Portland,US,2022-02-03 01:19:02,45.5234,-122.6762,46.45,93,100,1.99,mist
254,Ixcatepec,MX,2022-02-03 01:23:05,21.2,-97.95,67.75,92,1,7.54,clear sky
255,Kimbe,PG,2022-02-03 01:23:05,-5.5502,150.1429,76.19,93,100,5.41,moderate rain
256,Gravdal,NO,2022-02-03 01:23:05,68.1214,13.5031,24.39,65,100,9.82,overcast clouds
257,Talnakh,RU,2022-02-03 01:23:06,69.4865,88.3972,-9.08,99,99,6.62,overcast clouds
258,Bairiki,KI,2022-02-03 01:23:06,1.3292,172.9752,84.2,84,20,5.75,light rain
259,Buenos Aires,AR,2022-02-03 01:22:00,-34.6132,-58.3772,82.96,65,0,5.75,clear sky
260,Coquimbo,CL,2022-02-03 01:23:07,-29.9533,-71.3436,64.13,82,75,6.91,broken clouds
261,Ucluelet,CA,2022-02-03 01:23:07,48.9329,-125.5528,42.1,91,100,5.91,overcast clouds
262,Clyde River,CA,2022-02-03 01:23:07,70.4692,-68.5914,-16.37,76,100,16.11,light snow
263,Sinnamary,GF,2022-02-03 01:23:08,5.3833,-52.95,78.13,82,100,11.12,overcast clouds
264,Petrozavodsk,RU,2022-02-03 01:23:08,61.7849,34.3469,-9.94,84,98,0.0,overcast clouds
265,Aras,ES,2022-02-03 01:23:09,42.5617,-2.356,31.8,93,0,0.0,clear sky
266,Puerto Colombia,CO,2022-02-03 01:23:09,10.9878,-74.9547,80.69,85,2,23.87,clear sky
267,Buraydah,SA,2022-02-03 01:23:09,26.326,43.975,48.65,38,0,9.24,clear sky
268,Kamenka,RU,2022-02-03 01:23:10,51.3223,42.7678,31.75,99,100,5.39,snow
269,Qiqihar,CN,2022-02-03 01:23:10,47.3408,123.9672,-1.03,81,40,5.86,scattered clouds
270,Puri,IN,2022-02-03 01:23:11,19.8,85.85,66.72,72,6,10.85,clear sky
271,Nurobod,UZ,2022-02-03 01:23:11,40.9056,69.8023,27.45,60,2,5.08,clear sky
272,Paamiut,GL,2022-02-03 01:23:11,61.994,-49.6678,14.22,62,100,20.42,overcast clouds
273,Fort Saint James,CA,2022-02-03 01:23:12,54.4333,-124.25,7.63,97,100,1.88,light snow
274,Shahr-E Kord,IR,2022-02-03 01:23:12,32.3256,50.8644,23.65,52,7,3.49,clear sky
275,Doha,QA,2022-02-03 01:21:33,25.2867,51.5333,60.78,72,0,8.05,clear sky
276,Campestre,BR,2022-02-03 01:23:13,-21.7111,-46.2464,62.8,97,100,1.83,overcast clouds
277,Ha Noi,VN,2022-02-03 01:22:55,21.0245,105.8412,53.6,65,100,6.89,overcast clouds
278,Salalah,OM,2022-02-03 01:23:13,17.0151,54.0924,77.09,22,0,12.66,clear sky
279,Thompson,CA,2022-02-03 01:24:14,55.7435,-97.8558,-11.04,64,20,16.11,few clouds
280,Deer Lake,CA,2022-02-03 01:24:14,49.1667,-57.4316,22.86,63,75,8.05,broken clouds
281,Trencianske Teplice,SK,2022-02-03 01:24:15,48.9106,18.1669,34.79,94,44,4.99,scattered clouds
282,Kaitangata,NZ,2022-02-03 01:24:15,-46.2817,169.8464,54.25,95,100,3.04,moderate rain
283,Castro,BR,2022-02-03 01:24:15,-24.7911,-50.0119,63.57,96,1,6.29,clear sky
284,Mehamn,NO,2022-02-03 01:24:16,71.0357,27.8492,24.08,74,100,10.51,light snow
285,Guaira,BR,2022-02-03 01:24:16,-20.3183,-48.3106,68.61,95,96,5.06,heavy intensity rain
286,Jardim,BR,2022-02-03 01:24:16,-21.4803,-56.1381,74.03,92,23,4.5,few clouds
287,East London,ZA,2022-02-03 01:24:17,-33.0153,27.9116,73.87,94,100,8.77,light rain
288,Lubao,PH,2022-02-03 01:24:17,14.9167,120.55,82.42,70,21,9.17,few clouds
289,Muros,ES,2022-02-03 01:24:18,42.7762,-9.0603,54.23,89,100,6.42,overcast clouds
290,Rio Muerto,MX,2022-02-03 01:24:18,27.4167,-110.2333,64.92,69,60,8.75,broken clouds
291,Pevek,RU,2022-02-03 01:24:18,69.7008,170.3133,-6.63,74,0,4.12,clear sky
292,Aklavik,CA,2022-02-03 01:24:19,68.2191,-135.0107,-22.97,98,99,3.78,overcast clouds
293,Buchanan,LR,2022-02-03 01:24:19,5.8808,-10.0467,76.96,83,12,4.56,few clouds
294,Vestmanna,FO,2022-02-03 01:24:20,62.1564,-7.1664,36.52,87,100,5.75,overcast clouds
295,Beringovskiy,RU,2022-02-03 01:24:20,63.05,179.3167,8.71,74,100,22.75,overcast clouds
296,Kalemie,CD,2022-02-03 01:24:20,-5.9475,29.1947,68.95,90,100,1.01,overcast clouds
297,Bardiyah,LY,2022-02-03 01:24:21,31.7561,25.0865,52.36,70,83,16.33,broken clouds
298,Canchungo,GW,2022-02-03 01:24:21,12.0672,-16.0333,75.27,93,14,2.84,few clouds
299,Batemans Bay,AU,2022-02-03 01:24:22,-35.7167,150.1833,73.2,47,0,9.95,clear sky
300,Singaraja,ID,2022-02-03 01:24:22,-8.112,115.0882,83.97,69,18,2.59,few clouds
301,Bilibino,RU,2022-02-03 01:24:22,68.0546,166.4372,-3.57,66,0,4.99,clear sky
302,Plouzane,FR,2022-02-03 01:24:23,48.3833,-4.6167,46.58,100,100,9.22,mist
303,Concepcion Del Oro,MX,2022-02-03 01:24:23,24.6333,-101.4167,63.37,20,8,10.96,clear sky
304,Mahon,ES,2022-02-03 01:24:24,39.8885,4.2658,48.76,93,0,5.75,clear sky
305,Ormara,PK,2022-02-03 01:24:24,25.2088,64.6357,65.64,31,6,31.68,clear sky
306,Gritsovskiy,RU,2022-02-03 01:24:24,54.1376,38.1604,11.16,96,100,3.65,overcast clouds
307,Gaomi,CN,2022-02-03 01:24:25,36.3833,119.7528,29.98,33,0,2.33,clear sky
308,Erzin,TR,2022-02-03 01:24:25,36.9559,36.2,48.72,76,27,10.31,scattered clouds
309,Cayenne,GF,2022-02-03 01:24:26,4.9333,-52.3333,78.1,86,100,3.44,overcast clouds
310,Kismayo,SO,2022-02-03 01:24:26,-0.3582,42.5454,78.22,87,73,13.38,broken clouds
311,Onguday,RU,2022-02-03 01:24:27,50.75,86.15,-10.1,100,51,2.33,broken clouds
312,Dieppe,FR,2022-02-03 01:24:27,49.75,1.1667,46.18,86,100,1.01,overcast clouds
313,Aitape,PG,2022-02-03 01:24:27,-3.1374,142.3475,79.32,85,100,3.58,overcast clouds
314,Vila Velha,BR,2022-02-03 01:20:55,-20.3297,-40.2925,77.95,91,75,2.3,broken clouds
315,Saiha,IN,2022-02-03 01:24:28,22.4833,92.9667,49.84,64,0,3.87,clear sky
316,Ribeira Grande,PT,2022-02-03 01:24:28,38.5167,-28.7,59.43,71,16,7.23,few clouds
317,Riyadh,SA,2022-02-03 01:20:27,24.6877,46.7219,50.14,38,0,4.5,clear sky
318,Oppdal,NO,2022-02-03 01:24:29,62.5943,9.6912,10.0,90,43,9.19,scattered clouds
319,Severnyy,RU,2022-02-03 01:24:29,50.677,36.5532,26.64,100,100,4.47,snow
320,Marabba,SD,2022-02-03 01:24:29,12.35,32.1833,72.84,18,70,10.31,broken clouds
321,Ust-Ilimsk,RU,2022-02-03 01:24:30,58.0006,102.6619,-11.09,100,91,3.71,overcast clouds
322,Cherskiy,RU,2022-02-03 01:24:30,68.75,161.3,-15.59,72,58,0.67,broken clouds
323,Cockburn Town,TC,2022-02-03 01:24:30,21.4612,-71.1419,73.36,78,75,13.8,broken clouds
324,Twante,MM,2022-02-03 01:25:31,16.7167,95.9333,60.93,84,4,3.83,clear sky
325,Laplace,US,2022-02-03 01:25:31,30.0666,-90.4801,68.07,88,100,3.44,mist
326,Hay River,CA,2022-02-03 01:22:53,60.8156,-115.7999,-25.62,75,0,3.44,clear sky
327,Pathein,MM,2022-02-03 01:25:32,16.7833,94.7333,65.26,86,81,4.79,broken clouds
328,Mikkeli,FI,2022-02-03 01:25:32,61.6886,27.2723,-7.49,84,40,3.44,scattered clouds
329,Kieta,PG,2022-02-03 01:25:33,-6.2167,155.6333,84.45,73,100,14.56,light rain
330,Tahe,CN,2022-02-03 01:25:33,52.3333,124.7333,-2.74,70,12,8.43,few clouds
331,Santa Cruz Cabralia,BR,2022-02-03 01:25:33,-16.2781,-39.0247,80.83,83,20,5.75,few clouds
332,Manadhoo,MV,2022-02-03 01:25:34,5.7667,73.3833,80.91,72,35,5.64,scattered clouds
333,Udachnyy,RU,2022-02-03 01:25:34,66.4167,112.4,-33.65,100,50,2.39,scattered clouds
334,Sambava,MG,2022-02-03 01:25:34,-14.2667,50.1667,74.5,87,100,5.17,overcast clouds
335,Tukrah,LY,2022-02-03 01:25:35,32.5341,20.5791,52.68,69,92,23.0,overcast clouds
336,Marawi,PH,2022-02-03 01:25:35,7.9986,124.2928,71.65,82,100,2.42,light rain
337,Gbadolite,CD,2022-02-03 01:25:36,4.2833,21.0167,75.31,32,97,2.57,overcast clouds
338,Marrakesh,MA,2022-02-03 01:25:36,31.6315,-8.0083,60.87,33,6,2.3,clear sky
339,Belem,BR,2022-02-03 01:22:29,-1.4558,-48.5044,78.84,83,0,5.75,clear sky
340,Dolores,AR,2022-02-03 01:25:36,-36.3132,-57.6792,66.33,82,92,5.53,light rain
341,Port Lincoln,AU,2022-02-03 01:25:37,-34.7333,135.8667,65.19,58,75,15.64,broken clouds
342,Margate,GB,2022-02-03 01:25:37,51.3813,1.3862,47.75,89,100,4.0,overcast clouds
343,San Cristobal,VE,2022-02-03 01:25:38,7.7669,-72.225,75.38,59,12,1.74,few clouds
344,Komsomolskiy,UZ,2022-02-03 01:25:38,40.4272,71.7189,36.32,80,99,2.3,overcast clouds
345,Makakilo City,US,2022-02-03 01:25:38,21.3469,-158.0858,79.61,59,100,5.75,overcast clouds
346,Paramonga,PE,2022-02-03 01:24:57,-10.6667,-77.8333,71.04,80,28,9.4,scattered clouds
347,Sinnai,IT,2022-02-03 01:25:39,39.3042,9.2036,49.48,78,0,9.22,clear sky
348,Mendi,PG,2022-02-03 01:25:39,-6.1761,143.6513,62.85,69,100,1.05,overcast clouds
349,Kota Belud,MY,2022-02-03 01:25:40,6.351,116.4305,82.26,63,38,2.53,scattered clouds
350,Conde,BR,2022-02-03 01:25:40,-7.2597,-34.9075,80.06,78,40,6.91,scattered clouds
351,Ko Samui,TH,2022-02-03 01:25:40,9.5357,99.9357,84.11,74,40,11.5,scattered clouds
352,Kholtoson,RU,2022-02-03 01:25:41,50.2981,103.3097,-7.56,92,28,3.96,scattered clouds
353,Buarcos,PT,2022-02-03 01:25:41,40.166,-8.8768,46.78,76,100,2.01,overcast clouds
354,Innisfail,AU,2022-02-03 01:25:42,-17.5333,146.0333,89.04,64,100,3.53,light rain
355,Angoche,MZ,2022-02-03 01:25:42,-16.2325,39.9086,74.64,91,12,5.44,few clouds
356,Yar-Sale,RU,2022-02-03 01:25:43,66.8333,70.8333,3.76,96,100,11.97,light snow
357,Vaitape,PF,2022-02-03 01:25:43,-16.5167,-151.75,81.19,75,15,20.09,few clouds
358,Victoria,HK,2022-02-03 01:22:18,22.2855,114.1577,55.33,86,100,1.01,overcast clouds
359,Chumikan,RU,2022-02-03 01:25:43,54.7183,135.315,-8.46,82,96,14.2,overcast clouds
360,Cabedelo,BR,2022-02-03 01:25:44,-6.9811,-34.8339,81.27,75,59,11.41,broken clouds
361,Klyuchi,RU,2022-02-03 01:25:44,52.2667,79.1667,-6.39,100,89,4.36,overcast clouds
362,Keita,NE,2022-02-03 01:25:45,14.7551,5.7749,61.63,12,0,7.78,clear sky
363,Geraldton,AU,2022-02-03 01:25:45,-28.7667,114.6,95.41,13,0,28.77,clear sky
364,Gumdag,TM,2022-02-03 01:25:45,39.2061,54.5906,44.13,50,0,13.67,clear sky
365,Aksarka,RU,2022-02-03 01:25:46,66.5606,67.7975,3.24,98,100,3.24,overcast clouds
366,Lavrentiya,RU,2022-02-03 01:25:46,65.5833,-171.0,2.82,63,1,22.62,clear sky
367,Tadine,NC,2022-02-03 01:25:47,-21.55,167.8833,82.15,77,100,11.03,overcast clouds
368,Areosa,PT,2022-02-03 01:25:47,41.7178,-8.8571,54.32,74,100,7.2,overcast clouds
369,Tessalit,ML,2022-02-03 01:26:48,20.1986,1.0114,59.86,15,7,11.05,clear sky
370,Elizabeth City,US,2022-02-03 01:26:48,36.2946,-76.2511,46.02,92,40,1.01,scattered clouds
371,Leningradskiy,RU,2022-02-03 01:26:49,69.3833,178.4167,-13.13,94,25,9.73,scattered clouds
372,Kloulklubed,PW,2022-02-03 01:26:49,7.0419,134.2556,82.9,76,100,18.45,overcast clouds
373,Caleta De Carquin,PE,2022-02-03 01:26:50,-11.0925,-77.6267,70.95,80,63,10.69,broken clouds
374,Punto Fijo,VE,2022-02-03 01:26:50,11.6956,-70.1996,78.42,80,8,26.13,clear sky
375,Bilma,NE,2022-02-03 01:26:50,18.6853,12.9164,55.54,25,0,15.23,clear sky
376,Wanparti,IN,2022-02-03 01:26:51,16.3667,78.0667,66.31,72,29,3.62,scattered clouds
377,Yanam,IN,2022-02-03 01:26:51,16.7333,82.2167,68.4,94,100,0.6,overcast clouds
378,Namatanai,PG,2022-02-03 01:26:51,-3.6667,152.4333,78.94,83,100,8.68,light rain
379,Shiyan,CN,2022-02-03 01:26:52,32.6475,110.7781,37.36,53,100,0.67,overcast clouds
380,Gorin,RU,2022-02-03 01:26:52,51.1983,136.6669,-4.32,95,97,1.36,overcast clouds
381,Illintsi,UA,2022-02-03 01:26:53,49.1048,29.2177,28.6,90,99,9.42,overcast clouds
382,Lasa,IT,2022-02-03 01:26:53,46.6166,10.7002,40.08,94,47,8.05,scattered clouds
383,Peremyshlyany,UA,2022-02-03 01:26:54,49.6652,24.5585,32.34,97,100,11.86,light snow
384,Pomichna,UA,2022-02-03 01:26:54,48.2422,31.4158,25.11,97,100,3.47,overcast clouds
385,Rome,US,2022-02-03 01:26:55,34.257,-85.1647,49.71,88,100,1.99,light rain
386,Puerto Carreno,CO,2022-02-03 01:24:12,6.189,-67.4859,77.85,78,94,3.0,overcast clouds
387,Portmore,JM,2022-02-03 01:26:55,17.9702,-76.8672,78.76,83,20,5.75,few clouds
388,Kaura Namoda,NG,2022-02-03 01:26:55,12.5898,6.5779,63.32,11,59,9.86,broken clouds
389,Inowroclaw,PL,2022-02-03 01:26:56,52.7989,18.2639,32.13,100,80,6.58,broken clouds
390,Santa Marta,CO,2022-02-03 01:26:20,11.2408,-74.199,84.25,61,40,11.5,scattered clouds
391,Bambous Virieux,MU,2022-02-03 01:26:56,-20.3428,57.7575,79.05,94,75,27.63,shower rain
392,Glenluce,GB,2022-02-03 01:26:57,54.8798,-4.8084,48.29,94,100,14.45,overcast clouds
393,Krasnogvardeyskiy,RU,2022-02-03 01:26:57,57.3793,62.3195,13.06,96,95,5.17,overcast clouds
394,Hualmay,PE,2022-02-03 01:23:30,-11.0964,-77.6139,70.79,79,64,10.36,broken clouds
395,Januaria,BR,2022-02-03 01:26:58,-15.4833,-44.3667,71.01,94,100,3.2,overcast clouds
396,Araceli,PH,2022-02-03 01:26:58,10.5529,119.9913,80.67,78,99,15.39,overcast clouds
397,Mega,ET,2022-02-03 01:26:58,4.05,38.3,63.09,41,100,20.89,overcast clouds
398,Mabaruma,GY,2022-02-03 01:25:01,8.2,-59.7833,73.69,86,1,4.03,clear sky
399,Tautira,PF,2022-02-03 01:26:59,-17.7333,-149.15,89.62,78,24,20.2,light rain
400,Vezirkopru,TR,2022-02-03 01:26:59,41.1436,35.4547,41.49,85,90,4.45,overcast clouds
401,Maltahohe,NA,2022-02-03 01:27:00,-24.8333,16.9833,69.12,56,1,4.12,clear sky
402,Broome,US,2022-02-03 01:24:49,42.2506,-75.833,40.46,71,75,1.99,broken clouds
403,Asau,RO,2022-02-03 01:25:05,46.4333,26.4,25.72,86,100,5.53,overcast clouds
404,Olafsvik,IS,2022-02-03 01:27:01,64.8945,-23.7142,29.08,49,12,0.87,few clouds
405,Tocopilla,CL,2022-02-03 01:27:01,-22.092,-70.1979,70.41,71,2,11.74,clear sky
406,Hoi An,VN,2022-02-03 01:22:07,15.8794,108.335,69.76,84,100,8.41,overcast clouds
407,Saint George,US,2022-02-03 01:26:19,37.1041,-113.5841,40.62,22,0,1.99,clear sky
408,Santa Cruz,BO,2022-02-03 01:22:10,-17.8,-63.1667,78.26,89,50,8.05,scattered clouds
409,Gushikawa,JP,2022-02-03 01:28:02,26.3544,127.8686,69.39,94,100,8.05,mist
410,Yerofey Pavlovich,RU,2022-02-03 01:28:02,53.9667,121.9667,-8.32,82,99,2.95,overcast clouds
411,Kenai,US,2022-02-03 01:28:03,60.5544,-151.2583,23.02,84,100,5.75,overcast clouds
412,Malartic,CA,2022-02-03 01:28:03,48.1335,-78.1328,15.91,72,100,6.89,overcast clouds
413,Marang,MY,2022-02-03 01:28:04,5.2056,103.2059,76.91,84,48,2.15,scattered clouds
414,Cabo San Lucas,MX,2022-02-03 01:28:04,22.8909,-109.9124,72.7,67,75,9.22,broken clouds
415,Kampong Chhnang,KH,2022-02-03 01:28:04,12.1667,104.55,79.57,60,7,4.59,clear sky
416,Senekal,ZA,2022-02-03 01:28:05,-28.3197,27.6208,65.79,77,0,0.81,clear sky
417,Chapais,CA,2022-02-03 01:28:05,49.7834,-74.8492,8.38,92,100,7.78,overcast clouds
418,Faya,SA,2022-02-03 01:28:06,18.3851,42.4509,53.71,69,42,1.07,scattered clouds
419,Slobidka,UA,2022-02-03 01:28:06,47.8869,29.3461,27.05,83,97,3.29,overcast clouds
420,Pitimbu,BR,2022-02-03 01:28:06,-7.4706,-34.8086,81.19,73,100,10.85,overcast clouds
421,Deshnok,IN,2022-02-03 01:28:07,27.7986,73.3447,57.51,35,0,15.61,clear sky
422,Breytovo,RU,2022-02-03 01:28:07,58.2993,37.8617,10.04,99,99,4.63,overcast clouds
423,Kulykiv,UA,2022-02-03 01:28:08,50.3142,24.8176,33.67,94,100,13.35,overcast clouds
424,Asuncion,PY,2022-02-03 01:28:08,-25.3007,-57.6359,90.9,40,20,8.05,few clouds
425,Curup,ID,2022-02-03 01:28:08,-3.4667,102.5333,71.76,91,72,2.77,broken clouds
426,Pemangkat,ID,2022-02-03 01:28:09,1.1667,108.9667,78.48,87,40,7.36,scattered clouds
427,Asfi,MA,2022-02-03 01:28:09,32.2994,-9.2372,61.27,54,6,9.93,clear sky
428,Yantal,RU,2022-02-03 01:28:10,56.8471,105.2542,-11.36,100,83,2.28,broken clouds
429,Le Pradet,FR,2022-02-03 01:28:10,43.1066,6.0172,52.68,53,0,4.61,clear sky
430,Hirara,JP,2022-02-03 01:28:11,24.8,125.2833,69.66,100,75,5.75,broken clouds
431,Kuusankoski,FI,2022-02-03 01:28:11,60.907,26.6244,11.41,96,0,3.44,clear sky
432,Keelung,TW,2022-02-03 01:28:11,25.1283,121.7419,62.58,88,100,14.79,overcast clouds
433,Miandrivazo,MG,2022-02-03 01:28:12,-19.5167,45.4667,77.88,83,98,3.33,overcast clouds
434,Half Moon Bay,US,2022-02-03 01:28:12,37.4636,-122.4286,62.46,45,0,3.0,clear sky
435,Farrukhnagar,IN,2022-02-03 01:28:13,17.0778,78.2011,65.91,70,3,6.26,clear sky
436,Leeton,AU,2022-02-03 01:28:13,-34.5667,146.4,71.65,40,0,11.5,clear sky
437,Alamos,MX,2022-02-03 01:28:13,27.0167,-108.9333,60.71,78,100,2.66,overcast clouds
438,Itambe,BR,2022-02-03 01:28:14,-15.245,-40.6244,70.66,95,100,2.28,overcast clouds
439,Nokaneng,BW,2022-02-03 01:23:37,-19.6667,22.2667,70.29,80,6,4.05,clear sky
440,Trairi,BR,2022-02-03 01:28:14,-3.2778,-39.2689,78.26,82,100,7.76,overcast clouds
441,Vostok,RU,2022-02-03 01:28:15,46.4856,135.8833,0.57,86,100,5.41,overcast clouds
442,The Valley,AI,2022-02-03 01:28:15,18.217,-63.0578,78.66,75,1,15.64,clear sky
443,Ust-Kuyga,RU,2022-02-03 01:28:16,70.0167,135.6,-25.87,98,22,7.45,few clouds
444,Kazachinskoye,RU,2022-02-03 01:28:16,57.6953,93.2761,-10.03,100,86,2.64,overcast clouds
445,Winchester,GB,2022-02-03 01:28:16,51.0651,-1.3187,47.97,87,75,3.0,broken clouds
446,Traverse City,US,2022-02-03 01:25:42,44.7631,-85.6206,21.27,67,100,11.5,overcast clouds
447,Orotukan,RU,2022-02-03 01:28:17,62.2667,151.7,-10.46,98,100,3.44,overcast clouds
448,Jacala,MX,2022-02-03 01:28:17,21.0167,-99.1833,60.26,67,0,3.89,clear sky
449,Rosamorada,MX,2022-02-03 01:28:18,22.1222,-105.2058,66.72,65,7,4.21,clear sky
450,Khandbari,NP,2022-02-03 01:28:18,27.3747,87.2039,46.08,75,50,2.73,scattered clouds
451,Dakar,SN,2022-02-03 01:28:19,14.6937,-17.4441,74.28,64,64,4.61,broken clouds
452,Misratah,LY,2022-02-03 01:28:19,32.3754,15.0925,58.41,72,69,27.16,broken clouds
453,Hanzhong,CN,2022-02-03 01:29:20,33.0728,107.0303,35.15,69,83,2.21,broken clouds
454,Abu Kamal,SY,2022-02-03 01:29:20,34.4506,40.9171,50.02,51,100,9.44,overcast clouds
455,Bereda,ES,2022-02-03 01:29:20,43.2686,-7.5406,46.92,96,100,1.41,overcast clouds
456,Banes,CU,2022-02-03 01:29:21,20.9625,-75.7186,74.01,83,53,11.52,broken clouds
457,Chegutu,ZW,2022-02-03 01:29:21,-18.1302,30.1407,66.02,93,62,4.68,light rain
458,Tibati,CM,2022-02-03 01:29:22,6.4667,12.6333,66.7,25,98,2.48,overcast clouds
459,Igarka,RU,2022-02-03 01:29:22,67.4667,86.5833,-7.37,99,100,6.44,overcast clouds
460,Ajdovscina,SI,2022-02-03 01:29:22,45.886,13.9095,44.15,67,0,7.0,clear sky
461,Marystown,CA,2022-02-03 01:29:23,47.1666,-55.1483,25.86,100,51,10.18,broken clouds
462,Tete,MZ,2022-02-03 01:29:23,-16.1564,33.5867,73.53,90,87,2.66,overcast clouds
463,Hofn,IS,2022-02-03 01:29:24,64.2539,-15.2082,30.47,56,100,7.34,overcast clouds
464,Rio Gallegos,AR,2022-02-03 01:29:24,-51.6226,-69.2181,51.85,66,40,6.91,scattered clouds
465,General Pico,AR,2022-02-03 01:29:24,-35.6566,-63.7568,68.92,90,100,5.41,overcast clouds
466,Mangan,IN,2022-02-03 01:29:25,27.5167,88.5333,45.75,61,43,5.77,scattered clouds
467,Tarsus,TR,2022-02-03 01:29:25,36.9188,34.8784,51.67,76,64,10.89,broken clouds
468,Rudnogorsk,RU,2022-02-03 01:29:26,57.2639,103.7519,-18.36,100,97,1.3,overcast clouds
469,Mubende,UG,2022-02-03 01:29:26,0.5606,31.39,65.44,84,100,0.72,overcast clouds
470,Port Stanley,FK,2022-02-03 01:29:26,-51.7,-57.85,44.89,83,100,19.15,light rain
471,Eureka,US,2022-02-03 01:29:27,40.8021,-124.1637,52.75,82,14,11.01,few clouds
472,Omboue,GA,2022-02-03 01:29:27,-1.5746,9.2618,77.18,85,100,6.26,light rain
473,Mafeteng,LS,2022-02-03 01:29:28,-29.823,27.2374,64.63,73,93,4.63,overcast clouds
474,Sitka,US,2022-02-03 01:29:28,57.0531,-135.33,39.09,93,100,5.75,light rain
475,Nemuro,JP,2022-02-03 01:26:11,43.3236,145.575,25.23,68,7,7.96,clear sky
476,Anadyr,RU,2022-02-03 01:29:29,64.75,177.4833,19.9,58,0,20.13,clear sky
477,Yulara,AU,2022-02-03 01:29:29,-25.2406,130.9889,71.44,43,100,17.27,overcast clouds
478,Karratha,AU,2022-02-03 01:29:29,-20.7377,116.8463,86.38,61,14,8.19,few clouds
479,Lucapa,AO,2022-02-03 01:29:30,-8.4192,20.7447,65.28,97,100,2.13,light rain
480,Raudeberg,NO,2022-02-03 01:29:30,61.9875,5.1352,34.47,74,100,7.0,overcast clouds
481,Saint-Michel-Des-Saints,CA,2022-02-03 01:29:31,46.6834,-73.9159,27.93,98,100,6.67,snow
482,Santiago,CL,2022-02-03 01:28:27,-33.4569,-70.6483,74.86,45,0,12.66,clear sky
483,Longyearbyen,SJ,2022-02-03 01:29:31,78.2186,15.6401,15.64,67,0,20.71,clear sky
484,Orikum,AL,2022-02-03 01:29:32,40.3253,19.4714,44.92,62,0,15.84,clear sky
485,Tiksi,RU,2022-02-03 01:25:06,71.6872,128.8694,-3.91,94,100,9.55,overcast clouds
486,Mykhaylivka,UA,2022-02-03 01:29:32,47.2724,35.2224,34.07,99,100,4.27,light snow
487,Mackay,AU,2022-02-03 01:25:02,-21.15,149.2,91.38,62,40,12.66,scattered clouds
488,Coffs Harbour,AU,2022-02-03 01:29:33,-30.3,153.1333,72.14,96,100,13.8,moderate rain
489,Ahuimanu,US,2022-02-03 01:29:33,21.4447,-157.8378,79.86,62,75,3.0,broken clouds
490,Yerbogachen,RU,2022-02-03 01:29:34,61.2767,108.0108,-3.33,99,99,4.21,overcast clouds
491,Pando,UY,2022-02-03 01:29:34,-34.7167,-55.95,75.29,88,0,3.44,clear sky
492,Kerema,PG,2022-02-03 01:29:34,-7.9631,145.7785,85.35,54,99,5.35,overcast clouds
493,Civitanova Marche,IT,2022-02-03 01:29:35,43.307,13.7206,47.86,72,0,5.93,clear sky
494,Santa Cruz Do Sul,BR,2022-02-03 01:29:35,-29.7175,-52.4258,75.99,71,0,6.44,clear sky
495,Paita,PE,2022-02-03 01:29:35,-5.0892,-81.1144,73.33,73,38,16.46,scattered clouds
496,Sursk,RU,2022-02-03 01:29:36,53.0754,45.6846,30.0,99,100,6.08,light snow
497,Carutapera,BR,2022-02-03 01:29:36,-1.195,-46.02,76.44,91,100,6.35,overcast clouds
498,Comodoro Rivadavia,AR,2022-02-03 01:25:52,-45.8667,-67.5,76.86,31,0,13.8,clear sky
499,Russell,US,2022-02-03 01:30:12,32.3502,-85.1999,67.28,76,100,3.44,moderate rain
500,Santa Maria,BR,2022-02-03 01:30:38,-29.6842,-53.8069,76.3,73,0,3.44,clear sky
501,Ruza,RU,2022-02-03 01:30:38,55.699,36.1952,17.74,97,100,4.43,light snow
502,Sao Jose Da Coroa Grande,BR,2022-02-03 01:30:38,-8.8978,-35.1478,79.25,76,47,8.14,scattered clouds
503,Jalu,LY,2022-02-03 01:30:39,29.0331,21.5482,50.72,64,17,20.58,few clouds
504,Saint-Joseph,RE,2022-02-03 01:30:39,-21.3667,55.6167,79.18,91,100,31.9,heavy intensity rain
505,Sindou,BF,2022-02-03 01:30:40,10.6667,-5.1667,69.37,10,23,5.46,few clouds
506,Mishan,CN,2022-02-03 01:30:40,45.55,131.8833,6.8,80,85,14.7,overcast clouds
507,Batie,BF,2022-02-03 01:30:40,9.8833,-2.9167,68.85,10,9,4.29,clear sky
508,Fukue,JP,2022-02-03 01:30:41,32.6881,128.8419,43.16,65,75,12.66,broken clouds
509,Sorland,NO,2022-02-03 01:30:41,67.667,12.6934,27.75,58,100,10.31,overcast clouds
510,Lakes Entrance,AU,2022-02-03 01:30:42,-37.8811,147.981,66.16,63,97,17.52,overcast clouds
511,Aswan,EG,2022-02-03 01:30:42,24.0934,32.907,57.36,36,0,6.33,clear sky
512,Bandarbeyla,SO,2022-02-03 01:30:42,9.4942,50.8122,73.17,76,10,14.63,clear sky
513,Prince Rupert,CA,2022-02-03 01:28:49,54.3161,-130.3201,40.69,100,100,5.75,overcast clouds
514,Ambovombe,MG,2022-02-03 01:30:43,-25.1667,46.0833,70.3,82,0,11.77,clear sky
515,Toktogul,KG,2022-02-03 01:30:43,41.8708,72.9402,26.94,96,100,0.81,light snow
516,Chastyye,RU,2022-02-03 01:30:44,57.2888,54.9728,27.28,97,100,6.4,snow
517,Sydney,AU,2022-02-03 01:26:14,-33.8679,151.2073,74.35,65,84,1.99,broken clouds
518,Pottsville,US,2022-02-03 01:30:44,40.6857,-76.1955,39.6,99,100,3.56,overcast clouds
519,Jicin,CZ,2022-02-03 01:30:45,50.4372,15.3516,37.87,97,97,9.4,overcast clouds
520,Loiza,PR,2022-02-03 01:30:45,18.4313,-65.8802,77.86,86,40,8.05,scattered clouds
521,Jizan,SA,2022-02-03 01:30:46,17.3333,42.6667,76.14,78,96,1.19,overcast clouds
522,Zuwarah,LY,2022-02-03 01:30:46,32.9312,12.082,56.57,74,52,17.74,broken clouds
523,Yamoussoukro,CI,2022-02-03 01:30:46,6.8206,-5.2767,66.09,55,21,0.0,few clouds
524,Tura,IN,2022-02-03 01:26:56,25.5198,90.2201,59.47,47,94,3.4,overcast clouds
525,Altamont,US,2022-02-03 01:30:47,42.2068,-121.7372,39.04,48,0,4.61,clear sky
526,North Bend,US,2022-02-03 01:30:47,43.4065,-124.2243,48.94,96,100,0.0,overcast clouds
527,Bonthe,SL,2022-02-03 01:30:48,7.5264,-12.505,75.85,91,38,4.81,scattered clouds
528,Thinadhoo,MV,2022-02-03 01:30:48,0.5333,72.9333,81.97,72,1,5.46,clear sky
529,Moindou,NC,2022-02-03 01:30:49,-21.6924,165.677,87.75,64,4,7.31,clear sky
530,Strezhevoy,RU,2022-02-03 01:30:49,60.7333,77.5889,21.18,95,100,11.14,light snow
531,Caravelas,BR,2022-02-03 01:26:22,-17.7125,-39.2481,76.37,90,12,5.03,few clouds
532,Saint-Pierre,RE,2022-02-03 01:30:49,-21.3393,55.4781,80.28,89,100,31.07,light rain
533,Thung Song,TH,2022-02-03 01:30:50,8.1645,99.6804,78.44,76,13,5.37,few clouds
534,Neryungri,RU,2022-02-03 01:30:50,56.6709,124.6491,-9.51,92,100,11.14,overcast clouds
535,Esteli,NI,2022-02-03 01:30:51,13.0919,-86.3538,66.4,72,9,3.2,clear sky
536,Togur,RU,2022-02-03 01:30:51,58.3631,82.8265,9.21,95,99,7.63,overcast clouds
537,Laguna,US,2022-02-03 01:30:52,38.421,-121.4238,58.08,34,0,4.0,clear sky
538,Mantua,IT,2022-02-03 01:30:52,45.1667,10.7833,47.82,75,0,5.46,clear sky
539,Araouane,ML,2022-02-03 01:30:52,18.9048,-3.5265,61.43,16,90,12.21,overcast clouds
540,Abha,SA,2022-02-03 01:27:06,18.2164,42.5053,53.42,62,0,0.0,clear sky
541,Abeche,TD,2022-02-03 01:30:53,13.8292,20.8324,62.04,13,13,8.48,few clouds
542,Wukari,NG,2022-02-03 01:30:53,7.85,9.7833,71.82,20,43,6.29,scattered clouds
543,Peniche,PT,2022-02-03 01:30:54,39.3558,-9.3811,54.88,81,100,1.63,overcast clouds
544,Ponta Delgada,PT,2022-02-03 01:30:54,37.7333,-25.6667,59.5,82,20,6.91,few clouds
545,Plettenberg Bay,ZA,2022-02-03 01:31:55,-34.0527,23.3716,69.48,87,100,4.34,overcast clouds
546,Huarmey,PE,2022-02-03 01:31:55,-10.0681,-78.1522,71.49,80,100,10.27,overcast clouds
547,Port Augusta,AU,2022-02-03 01:31:56,-32.5,137.7667,76.71,38,0,19.35,clear sky
548,Cidreira,BR,2022-02-03 01:31:56,-30.1811,-50.2056,75.61,87,5,19.53,clear sky
549,Ponta Do Sol,PT,2022-02-03 01:31:56,32.6667,-17.1,67.01,79,100,11.27,overcast clouds
550,Kununurra,AU,2022-02-03 01:31:33,-15.7667,128.7333,84.18,65,75,9.22,broken clouds
551,Sao Felix Do Xingu,BR,2022-02-03 01:31:57,-6.6447,-51.995,71.26,97,48,1.39,scattered clouds
552,Iberia,US,2022-02-03 01:31:24,29.9502,-91.7507,70.11,78,100,4.61,overcast clouds
553,Trelew,AR,2022-02-03 01:31:57,-43.249,-65.3051,69.24,44,83,8.72,broken clouds
554,Urumqi,CN,2022-02-03 01:31:58,43.801,87.6005,-3.05,85,75,2.24,mist
555,Abu Dhabi,AE,2022-02-03 01:31:58,24.4667,54.3667,65.97,70,20,2.3,few clouds
556,Rawson,AR,2022-02-03 01:31:59,-43.3002,-65.1023,67.51,55,79,7.65,broken clouds
557,Klaipeda,LT,2022-02-03 01:31:59,55.7172,21.1175,26.65,69,100,12.48,overcast clouds
558,Musoma,TZ,2022-02-03 01:31:59,-1.5,33.8,69.82,94,75,0.0,broken clouds
559,Sawakin,SD,2022-02-03 01:32:00,19.1059,37.3321,69.82,78,17,3.02,few clouds
560,Ringebu,NO,2022-02-03 01:32:00,61.5167,10.1667,1.98,99,78,4.25,broken clouds
561,Qui Nhon,VN,2022-02-03 01:32:01,13.7667,109.2333,74.88,82,89,10.51,overcast clouds
562,Florianopolis,BR,2022-02-03 01:32:01,-27.6146,-48.5012,76.69,80,75,1.01,broken clouds
563,Coahuayana,MX,2022-02-03 01:32:02,18.7333,-103.6833,78.28,80,0,1.63,clear sky
564,Saint Marys,US,2022-02-03 01:27:33,30.7305,-81.5465,67.05,91,0,8.05,clear sky
565,Cuamba,MZ,2022-02-03 01:32:02,-14.8031,36.5372,66.97,96,96,1.41,overcast clouds
566,Camacha,PT,2022-02-03 01:32:02,33.0833,-16.3333,63.54,88,40,12.66,scattered clouds
567,Linxia,CN,2022-02-03 01:32:03,35.6003,103.2064,20.3,76,28,1.25,scattered clouds
568,Bandundu,CD,2022-02-03 01:32:03,-3.3167,17.3667,72.03,94,100,6.02,light rain
569,Lompoc,US,2022-02-03 01:32:04,34.6391,-120.4579,62.49,40,0,14.97,clear sky
570,Agadez,NE,2022-02-03 01:32:04,19.75,10.25,50.77,29,0,11.25,clear sky
571,Nikki,BJ,2022-02-03 01:32:04,9.9401,3.2108,68.18,12,65,5.23,broken clouds
572,Khilok,RU,2022-02-03 01:32:05,51.3674,110.4676,-6.23,95,99,1.83,overcast clouds
573,Timizart,DZ,2022-02-03 01:32:05,36.8,4.2667,49.08,49,0,6.04,clear sky
574,Woodward,US,2022-02-03 01:32:06,36.4337,-99.3904,15.03,90,100,17.27,light snow
575,Rongcheng,CN,2022-02-03 01:32:06,30.634,117.8517,36.39,98,100,4.34,overcast clouds
576,Ballesteros,PH,2022-02-03 01:32:06,18.4126,121.5152,75.92,73,4,10.85,clear sky
577,Dudinka,RU,2022-02-03 01:32:07,69.4058,86.1778,-13.59,100,100,5.66,overcast clouds
578,Zhanakorgan,KZ,2022-02-03 01:32:07,43.9098,67.2495,23.67,85,6,5.86,clear sky
579,Evensk,RU,2022-02-03 01:29:06,61.95,159.2333,18.57,47,7,18.39,clear sky
580,Oistins,BB,2022-02-03 01:32:08,13.0667,-59.5333,75.29,83,20,19.57,few clouds
581,Manzanillo,CU,2022-02-03 01:32:08,20.3433,-77.1167,73.26,80,2,13.58,clear sky
582,The Pas,CA,2022-02-03 01:30:12,53.8251,-101.2541,-18.38,63,0,10.36,clear sky
583,Caibarien,CU,2022-02-03 01:32:09,22.5206,-79.4669,72.72,77,2,19.24,clear sky
584,Beisfjord,NO,2022-02-03 01:32:09,68.3751,17.5988,19.45,86,90,10.0,overcast clouds
585,Buala,SB,2022-02-03 01:32:09,-8.145,159.5921,80.11,84,100,12.71,light rain
586,Fukuma,JP,2022-02-03 01:32:10,33.7667,130.4667,46.29,48,100,9.84,overcast clouds
587,Tilichiki,RU,2022-02-03 01:32:10,60.4667,166.1,5.4,80,86,10.29,overcast clouds
588,Samarai,PG,2022-02-03 01:32:11,-10.6167,150.6667,84.83,67,100,8.46,overcast clouds
589,Watsa,CD,2022-02-03 01:32:11,3.0372,29.5355,65.82,44,79,2.28,broken clouds
590,Copiapo,CL,2022-02-03 01:32:11,-27.3667,-70.3333,67.26,64,0,1.74,clear sky
591,Barahona,DO,2022-02-03 01:33:12,18.2085,-71.1008,74.55,81,1,2.71,clear sky
592,Puro,PH,2022-02-03 01:33:12,12.4841,123.3827,80.2,80,92,13.69,overcast clouds
593,Maun,BW,2022-02-03 01:33:13,-19.9833,23.4167,69.31,80,7,5.82,clear sky
594,Warrnambool,AU,2022-02-03 01:28:18,-38.3833,142.4833,62.82,62,100,16.69,overcast clouds
595,Besao,PH,2022-02-03 01:33:13,17.095,120.8579,72.12,50,9,0.51,clear sky
596,Acapulco,MX,2022-02-03 01:31:46,16.8634,-99.8901,78.62,65,0,8.05,clear sky
597,Thunder Bay,CA,2022-02-03 01:33:14,48.4001,-89.3168,-3.44,55,0,11.5,clear sky
598,Alice Springs,AU,2022-02-03 01:30:11,-23.7,133.8833,71.15,60,40,17.27,scattered clouds
599,Bhandara,IN,2022-02-03 01:33:14,21.1667,79.65,55.99,42,0,4.9,clear sky
600,Monrovia,LR,2022-02-03 01:33:15,6.3005,-10.7969,76.77,84,17,2.42,few clouds
601,Aykhal,RU,2022-02-03 01:33:15,66.0,111.5,-20.7,100,6,2.82,clear sky
602,Namibe,AO,2022-02-03 01:33:16,-15.1961,12.1522,71.26,73,44,8.03,scattered clouds
603,Trapani,IT,2022-02-03 01:30:36,37.8333,12.6667,55.58,87,0,7.0,clear sky
604,Igrim,RU,2022-02-03 01:33:16,63.1906,64.4162,-6.65,100,62,2.64,broken clouds
605,Poya,NC,2022-02-03 01:33:16,-21.35,165.15,87.21,58,0,5.91,clear sky
606,Chitipa,MW,2022-02-03 01:33:17,-9.7024,33.2697,63.48,94,100,1.1,overcast clouds
607,Kigoma,TZ,2022-02-03 01:33:17,-4.8769,29.6267,68.59,100,75,0.0,broken clouds
608,Toora-Khem,RU,2022-02-03 01:33:18,52.4675,96.11,-19.12,100,100,0.85,overcast clouds
609,Kazanskaya,RU,2022-02-03 01:33:18,45.4106,40.4361,38.14,82,100,7.96,light rain
610,Samana,DO,2022-02-03 01:30:13,19.2056,-69.3369,72.03,91,32,7.38,scattered clouds
611,Bam,IR,2022-02-03 01:33:19,29.106,58.357,46.53,41,0,4.0,clear sky
612,Korhogo,CI,2022-02-03 01:33:19,9.45,-5.6333,66.45,8,44,3.51,scattered clouds
613,Madaoua,NE,2022-02-03 01:33:19,14.073,5.96,59.88,12,6,10.4,clear sky
614,Mapiripan,CO,2022-02-03 01:33:20,2.8892,-72.1256,78.93,51,10,4.97,clear sky
615,Denpasar,ID,2022-02-03 01:30:13,-8.65,115.2167,83.86,74,20,6.91,few clouds
616,Ciudad Guayana,VE,2022-02-03 01:33:20,8.3533,-62.6528,76.51,75,12,8.32,few clouds
617,Viesca,MX,2022-02-03 01:33:21,25.35,-102.8,82.76,20,100,7.52,overcast clouds
618,Amboasary,MG,2022-02-03 01:33:21,-25.0333,46.3833,75.04,89,0,4.47,clear sky
619,Bodden Town,KY,2022-02-03 01:33:22,19.2833,-81.25,78.01,79,20,5.01,few clouds
620,Batagay-Alyta,RU,2022-02-03 01:33:22,67.8006,130.4114,-24.65,97,66,3.31,broken clouds
621,Deputatskiy,RU,2022-02-03 01:33:22,69.3,139.9,-23.98,92,45,5.73,scattered clouds
622,Basco,PH,2022-02-03 01:33:23,20.4487,121.9702,75.83,67,24,11.9,few clouds
623,Lata,PT,2022-02-03 01:33:23,40.1629,-8.3327,45.72,77,92,1.03,overcast clouds
624,Veinticinco De Mayo,AR,2022-02-03 01:33:24,-35.4323,-60.1727,70.99,86,100,14.0,moderate rain
625,Grand Forks,US,2022-02-03 01:30:31,47.9417,-97.4337,-9.72,69,0,6.91,clear sky
626,Artsyz,UA,2022-02-03 01:33:24,45.9919,29.4182,32.81,76,100,5.61,overcast clouds
627,Gilgit,PK,2022-02-03 01:33:24,35.9221,74.3087,31.24,92,100,2.3,overcast clouds
628,Narsaq,GL,2022-02-03 01:33:25,60.9167,-46.05,3.42,59,100,13.89,overcast clouds
629,Benemerito De Las Americas,MX,2022-02-03 01:33:25,16.5167,-90.6439,72.27,80,0,1.41,clear sky
630,Pointe Michel,DM,2022-02-03 01:33:26,15.25,-61.3833,77.63,75,15,10.69,few clouds
631,Barinas,VE,2022-02-03 01:33:26,8.6226,-70.2075,86.04,45,6,3.44,clear sky
632,Mitu,CO,2022-02-03 01:33:06,1.1983,-70.1733,75.7,75,68,2.53,broken clouds
633,Jose Bonifacio,BR,2022-02-03 01:33:27,-21.0528,-49.6883,72.66,96,96,5.91,light rain
634,Imbituba,BR,2022-02-03 01:33:11,-28.24,-48.6703,78.82,88,78,11.99,broken clouds
635,Bridlington,GB,2022-02-03 01:33:27,54.0831,-0.1919,48.15,89,100,14.52,overcast clouds
636,Mezen,RU,2022-02-03 01:33:28,65.8522,44.24,6.67,98,93,3.31,overcast clouds
637,Broken Hill,AU,2022-02-03 01:31:24,-31.95,141.4333,67.71,37,0,21.85,clear sky
638,Ketou,BJ,2022-02-03 01:34:28,7.3633,2.5998,71.92,68,25,1.57,scattered clouds
639,Richards Bay,ZA,2022-02-03 01:34:28,-28.783,32.0377,75.9,84,2,15.28,clear sky
640,Antofagasta,CL,2022-02-03 01:34:29,-23.65,-70.4,65.48,80,13,5.59,few clouds
641,Berlevag,NO,2022-02-03 01:34:29,70.8578,29.0864,26.8,65,100,13.06,light snow
642,Torbat-E Jam,IR,2022-02-03 01:34:30,35.244,60.6225,37.63,50,0,2.3,clear sky
643,Okhotsk,RU,2022-02-03 01:34:30,59.3833,143.3,11.41,75,100,16.26,overcast clouds
644,Rabo De Peixe,PT,2022-02-03 01:34:30,37.8,-25.5833,58.28,94,20,6.91,few clouds
645,Passy,FR,2022-02-03 01:34:31,45.9203,6.6877,42.48,97,87,5.55,overcast clouds
646,Devonport,AU,2022-02-03 01:34:31,-41.1667,146.35,70.99,36,83,6.13,broken clouds
647,Ilebo,CD,2022-02-03 01:34:32,-4.3167,20.5833,71.69,98,100,1.54,moderate rain
648,Dunedin,NZ,2022-02-03 01:34:32,-45.8742,170.5036,59.81,90,100,4.0,light rain
649,Zhumadian,CN,2022-02-03 01:34:32,32.9794,114.0294,38.98,53,100,5.19,overcast clouds
650,Hiriyur,IN,2022-02-03 01:34:33,13.9456,76.6192,69.28,59,4,3.78,clear sky
651,Katangli,RU,2022-02-03 01:34:33,51.7102,143.2326,4.89,93,100,22.01,light snow
652,Saldanha,ZA,2022-02-03 01:34:34,-33.0117,17.9442,62.65,90,0,8.39,clear sky
653,Kargat,RU,2022-02-03 01:34:34,55.1956,80.2811,-2.58,100,100,6.17,overcast clouds
654,Brownsville,US,2022-02-03 01:34:34,25.9018,-97.4975,75.18,89,100,5.01,overcast clouds
655,Hargeysa,SO,2022-02-03 01:34:35,9.56,44.065,57.6,97,53,11.05,broken clouds
656,Noumea,NC,2022-02-03 01:34:35,-22.2763,166.4572,87.78,62,38,10.0,scattered clouds
657,Santa Rosa,PH,2022-02-03 01:34:35,14.3122,121.1114,82.38,73,76,11.43,broken clouds
658,Macau,MO,2022-02-03 01:34:36,22.2006,113.5461,55.08,87,40,19.57,scattered clouds
659,Zychlin,PL,2022-02-03 01:34:36,52.244,19.6261,33.62,96,48,7.23,scattered clouds
660,Koutiala,ML,2022-02-03 01:34:37,12.3917,-5.4642,69.82,14,0,7.58,clear sky
661,Waipawa,NZ,2022-02-03 01:34:37,-41.4122,175.5153,72.23,60,99,12.3,light rain
662,Dunmore East,IE,2022-02-03 01:34:37,52.1514,-6.9861,47.23,73,99,9.95,overcast clouds
663,Lira,UG,2022-02-03 01:34:38,2.235,32.9097,69.08,53,93,0.36,overcast clouds
664,Nuevo Progreso,MX,2022-02-03 01:34:38,23.1667,-97.95,73.6,76,11,4.0,few clouds
665,Herat,AF,2022-02-03 01:34:38,34.5,62.0,33.94,53,0,0.63,clear sky
666,Bose,IT,2022-02-03 01:34:39,45.4612,8.0137,51.3,50,6,4.32,clear sky
667,Xihua,CN,2022-02-03 01:34:39,33.7833,114.5167,39.24,45,91,5.35,overcast clouds
668,Riviere-Au-Renard,CA,2022-02-03 01:34:40,48.9957,-64.3971,30.49,84,100,13.65,overcast clouds
669,Yaan,NG,2022-02-03 01:34:40,7.3833,8.5667,76.98,26,28,4.23,scattered clouds
670,Jacareacanga,BR,2022-02-03 01:34:41,-6.2222,-57.7528,74.05,96,100,1.52,moderate rain
671,Coolum Beach,AU,2022-02-03 01:34:41,-26.5333,153.1,79.32,85,100,8.23,overcast clouds
672,Gore,NZ,2022-02-03 01:34:41,-46.1028,168.9436,59.23,91,100,3.74,light rain
673,Vardo,NO,2022-02-03 01:34:42,70.3705,31.1107,29.57,56,100,19.44,light snow
674,Kyren,RU,2022-02-03 01:34:42,51.6828,102.1408,4.41,86,99,0.78,overcast clouds
675,Kyra,RU,2022-02-03 01:34:43,49.5776,111.9753,-6.07,81,10,4.23,clear sky
676,Westport,US,2022-02-03 01:34:43,41.1415,-73.3579,40.75,94,100,1.01,mist
677,Aksu,CN,2022-02-03 01:34:43,41.1231,80.2644,21.99,54,100,1.92,overcast clouds
678,Shizuishan,CN,2022-02-03 01:34:44,39.2333,106.7694,20.61,22,100,3.71,overcast clouds
679,Umm Kaddadah,SD,2022-02-03 01:34:44,13.6017,26.6876,67.05,21,7,7.2,clear sky
680,Vila Franca Do Campo,PT,2022-02-03 01:34:44,37.7167,-25.4333,59.2,81,42,8.08,scattered clouds
681,Gonbad-E Qabus,IR,2022-02-03 01:34:45,37.25,55.1672,44.51,65,0,4.61,clear sky
682,Vagur,FO,2022-02-03 01:34:45,61.4732,-6.8119,38.77,96,100,11.16,overcast clouds
683,Santa Cruz De Tenerife,ES,2022-02-03 01:34:45,28.4682,-16.2546,73.6,69,100,5.01,overcast clouds
684,Muriti,TZ,2022-02-03 01:34:46,-1.9833,32.9167,69.82,77,79,5.61,light rain
685,Nelson Bay,AU,2022-02-03 01:34:46,-32.7167,152.15,74.95,89,100,1.99,overcast clouds
686,Dali,CN,2022-02-03 01:35:47,25.7,100.1833,42.28,66,6,2.98,clear sky
687,Whitehorse,CA,2022-02-03 01:31:59,60.7161,-135.0538,-3.98,68,75,5.99,broken clouds
688,Ballina,AU,2022-02-03 01:35:47,-28.8667,153.5667,75.16,93,75,6.91,light rain
689,Las Lomas,PA,2022-02-03 01:35:47,8.4333,-82.4,78.21,83,20,2.3,few clouds
690,Nisia Floresta,BR,2022-02-03 01:33:16,-6.0911,-35.2086,82.78,84,89,7.34,overcast clouds
691,Sao Mateus Do Sul,BR,2022-02-03 01:35:48,-25.8742,-50.3828,67.14,89,33,3.49,scattered clouds
692,Mpika,ZM,2022-02-03 01:35:48,-11.8343,31.4529,60.89,97,100,1.21,moderate rain
693,Joshimath,IN,2022-02-03 01:35:49,30.5667,79.5667,40.21,97,100,5.19,overcast clouds
694,Abu Samrah,SY,2022-02-03 01:35:49,35.3029,37.1841,46.85,56,99,11.43,overcast clouds
695,Bonoua,CI,2022-02-03 01:35:50,5.2741,-3.595,78.42,91,6,2.64,clear sky
696,Mujiayingzi,CN,2022-02-03 01:35:50,42.1167,118.7833,11.19,51,0,7.67,clear sky
697,Paso De Los Toros,UY,2022-02-03 01:35:50,-32.8167,-56.5167,74.79,37,33,7.87,scattered clouds
698,Benjamin Constant,BR,2022-02-03 01:35:51,-4.3831,-70.0311,75.33,98,99,0.65,heavy intensity rain
699,El Alto,PE,2022-02-03 01:35:51,-4.2714,-81.2147,70.47,76,59,15.61,broken clouds
